rank,Title,avg_rating,review_count,positive_reviews,positive_pct,review_pct,weighted_score
1,The Hobbit,4.68,18222,17040,93.51,1.6855,19.94
2,Pride and Prejudice,4.531,17968,15920,88.6,1.662,19.279
3,Mere Christianity,4.51,5520,4857,87.99,0.5106,16.875
4,"The Hobbit; Or, There and Back Again",4.688,3665,3435,93.72,0.339,16.707
5,The Hobbit There and Back Again,4.682,3669,3433,93.57,0.3394,16.688
6,"The Hobbitt, or there and back again; illustrated by the author.",4.681,3660,3425,93.58,0.3385,16.682
7,The Hobbit or There and Back Again,4.678,3617,3381,93.48,0.3346,16.648
8,To kill a mockingbird,4.616,3317,3035,91.5,0.3068,16.253
9,Persuasion,4.369,5160,4372,84.73,0.4773,16.221
10,A Tree Grows in Brooklyn,4.708,2773,2590,93.4,0.2565,16.21
11,Wuthering Heights,4.096,8660,6552,75.66,0.801,16.127
12,Of Mice and Men,4.38,4677,4010,85.74,0.4326,16.074
13,Gone with the Wind,4.683,2586,2370,91.65,0.2392,15.982
14,The Picture of Dorian Gray,4.279,5316,4398,82.73,0.4917,15.942
15,East of Eden,4.618,2745,2490,90.71,0.2539,15.88
16,Brave New World,4.227,5136,4178,81.35,0.4751,15.686
17,Great Expectations,4.179,5672,4556,80.32,0.5247,15.685
18,Little Women,4.426,3295,2825,85.74,0.3048,15.571
19,A Christmas Carol (Classic Fiction),4.687,1914,1800,94.04,0.177,15.381
20,Jane Eyre,4.55,2360,2126,90.08,0.2183,15.345
21,1984,4.677,1805,1669,92.47,0.167,15.231
22,The Great Gatsby,4.16,4269,3330,78.0,0.3949,15.103
23,The richest man in Babylon,4.59,1851,1674,90.44,0.1712,14.997
24,"The Lord Of The Rings THREE VOLUME BOXED SET (The Fellowship Of The Ring, The Return of The King, The Two towers)",4.563,1934,1701,87.95,0.1789,14.996
25,The Lord of the Rings Trilogy: Three Volumes in Slipcase,4.563,1934,1701,87.95,0.1789,14.996
26,The Lord of the Rings (3 Volume Set),4.563,1934,1701,87.95,0.1789,14.996
27,The Lord of the Rings Trilogy 3 Volumes,4.562,1931,1698,87.93,0.1786,14.991
28,"The Lord of the Rings Trilogy (The Fellowship of the Ring, The Two Towers, The Return of the King, I, II, III)",4.562,1930,1697,87.93,0.1785,14.989
29,The Hitchhiker's Guide to the Galaxy,4.365,2710,2266,83.62,0.2507,14.986
30,The Lord of the Rings - Boxed Set,4.561,1927,1694,87.91,0.1782,14.984
31,The Lord of the Rings Box Set,4.559,1916,1683,87.84,0.1772,14.966
32,Harper Lee's To Kill a Mockingbird (Barron's Book Notes),4.617,1657,1517,91.55,0.1533,14.865
33,To Kill a Mocking Bird,4.617,1659,1518,91.5,0.1535,14.865
34,To Kill A Mockingbird,4.617,1657,1517,91.55,0.1533,14.865
35,To Kill a Mockingbird,4.616,1658,1517,91.5,0.1534,14.863
36,Pride & Prejudice (Penguin Classics),4.532,1801,1596,88.62,0.1666,14.756
37,Pride & Prejudice (New Windmill),4.532,1800,1595,88.61,0.1665,14.754
38,Pride & Prejudice (Classic Library),4.532,1798,1593,88.6,0.1663,14.75
39,Slaughterhouse-Five,4.328,2485,2077,83.58,0.2299,14.695
40,The Count of Monte Cristo,4.552,1667,1475,88.48,0.1542,14.668
41,Crime and Punishment,4.404,2125,1823,85.79,0.1966,14.654
42,Alice's Adventures in Wonderland,4.239,2825,2257,79.89,0.2613,14.63
43,Man's Search for Meaning,4.734,1174,1102,93.87,0.1086,14.533
44,Atlas Shrugged,3.95,4752,3383,71.19,0.4396,14.525
45,The Two Towers,4.636,1341,1252,93.36,0.124,14.499
46,The Stranger,4.157,2498,1958,78.38,0.2311,14.122
47,Fahrenheit 451,4.28,1984,1627,82.01,0.1835,14.114
48,Treasure Island,4.348,1750,1478,84.46,0.1619,14.101
49,Cat's Cradle,4.375,1647,1411,85.67,0.1523,14.074
50,The Scarlet Letter A Romance,3.924,3848,2696,70.06,0.3559,14.068
51,Jane Eyre (New Windmill),4.55,1190,1072,90.08,0.1101,13.995
52,Jane Eyre (Signet classics),4.55,1190,1072,90.08,0.1101,13.995
53,Jane Eyre (Penguin Classics),4.55,1190,1072,90.08,0.1101,13.995
54,Jane Eyre: Complete and Unabridged (Puffin Classics),4.55,1190,1072,90.08,0.1101,13.995
55,Jane Eyre (Simple English),4.55,1190,1072,90.08,0.1101,13.995
56,Jane Eyre (Large Print),4.55,1190,1072,90.08,0.1101,13.995
57,Jane Eyre (Everyman's Classics),4.55,1190,1072,90.08,0.1101,13.995
58,Catch-22,4.358,1607,1373,85.44,0.1486,13.971
59,A Christmas Carol (Enriched Classics (Pocket)),4.687,957,900,94.04,0.0885,13.97
60,Christmas Carol (Ladybird Classics),4.687,957,900,94.04,0.0885,13.97
61,"A Christmas Carol, in Prose: Being a Ghost Story of Christmas (Collected Works of Charles Dickens)",4.687,957,900,94.04,0.0885,13.97
62,Catch 22,4.358,1605,1371,85.42,0.1485,13.968
63,A Christmas carol: In prose,4.687,951,894,94.01,0.088,13.958
64,"A CHRISTMAS CAROL, BEING A GHOST STORY OF CHRISTMAS",4.687,951,894,94.01,0.088,13.958
65,A Christmas Carol [One Voice Recordings Edition],4.685,945,888,93.97,0.0874,13.939
66,Nineteen Eighty-four,4.675,904,835,92.37,0.0836,13.819
67,George Orwell 1984,4.674,901,832,92.34,0.0833,13.809
68,The Autobiography of Benjamin Franklin,4.187,1929,1510,78.28,0.1784,13.756
69,"Little women, or, Meg, Jo, Beth, and Amy",4.42,1291,1104,85.52,0.1194,13.75
70,Emma,4.274,1637,1350,82.47,0.1514,13.738
71,Harry Potter and The Sorcerer's Stone,4.604,948,862,90.93,0.0877,13.707
72,Night,4.699,782,741,94.76,0.0723,13.597
73,The Great Divorce,4.633,859,802,93.36,0.0795,13.594
74,Sense and Sensibility,4.38,1148,982,85.54,0.1062,13.402
75,God Calling,4.695,708,660,93.22,0.0655,13.381
76,Foundation,4.241,1419,1167,82.24,0.1313,13.368
77,Alice in Wonderland,4.241,1417,1132,79.89,0.1311,13.364
78,"The Count of Monte Cristo, (The Rittenhouse classics)",4.554,839,743,88.56,0.0776,13.315
79,"The Count Of Monte Cristo, Abridged",4.554,838,742,88.54,0.0775,13.312
80,Count of Monte Cristo,4.554,838,742,88.54,0.0775,13.312
81,"Monte Cristo,",4.554,838,742,88.54,0.0775,13.312
82,The count of Monte Cristo (The novels of Alexandre Dumas),4.552,835,739,88.5,0.0772,13.3
83,The Count of Monte Cristo: Golden Picture Classic,4.552,835,739,88.5,0.0772,13.3
84,Wuthering Heights (Signet classics),4.097,1736,1314,75.69,0.1606,13.272
85,"The Lion, the Witch and the Wardrobe",4.632,729,679,93.14,0.0674,13.261
86,Adventures of Huckleberry Finn,4.303,1202,1012,84.19,0.1112,13.252
87,"Alice""s Adventures in Wonderland",4.237,1330,1061,79.77,0.123,13.235
88,The Giver,4.394,996,858,86.14,0.0921,13.173
89,Gone with the Wind (The Margaret Mitchell Anniversary Edition),4.683,647,593,91.65,0.0598,13.164
90,Vom Winde Verweht ( Gone With the Wind ),4.683,647,593,91.65,0.0598,13.164
91,The Picture of Dorian Gray (Classic Collection (Brilliance Audio)),4.28,1184,980,82.77,0.1095,13.155
92,Ulysses,3.789,2927,1925,65.77,0.2707,13.134
93,The Adventures of Sherlock Holmes,4.374,1006,866,86.08,0.0931,13.133
94,Great Gatsby (Everyman),4.162,1430,1116,78.04,0.1323,13.131
95,The great Gatsby (Leading English literature library),4.16,1428,1114,78.01,0.1321,13.125
96,Manhattan Stories From the Heart of a Great City,4.16,1427,1113,78.0,0.132,13.124
97,Starship Troopers,4.379,990,825,83.33,0.0916,13.117
98,An inquiry into the nature and causes of the wealth of nations,4.076,1600,1256,78.5,0.148,13.059
99,Of Mice and Men Hb (New Windmill),4.38,939,805,85.73,0.0869,13.021
100,Lord of the flies,3.937,2026,1463,72.21,0.1874,13.019
101,OF MICE AND MEN,4.38,938,804,85.71,0.0868,13.017
102,Lord of the Flies,3.938,2020,1459,72.23,0.1868,13.015
103,Of Mice And Men,4.38,934,801,85.76,0.0864,13.01
104,Of Mice and Men (Penguin Audiobooks),4.379,935,801,85.67,0.0865,13.008
105,Of Mice & Men,4.38,931,798,85.71,0.0861,13.005
106,"A Tree Grows in Brooklyn by Smith, Betty",4.708,559,522,93.38,0.0517,12.936
107,A tree grows in Brooklyn: A novel (Armed Services edition),4.708,559,522,93.38,0.0517,12.936
108,The Quiet American,4.385,888,774,87.16,0.0821,12.929
109,Zen and the Art of Motorcycle Maintenance,4.025,1621,1209,74.58,0.1499,12.92
110,The Murder of Roger Ackroyd,4.597,637,581,91.21,0.0589,12.889
111,Stranger in a Strange Land,3.873,2122,1376,64.84,0.1963,12.884
112,A Connecticut Yankee in King Arthur's Court,4.11,1353,1048,77.46,0.1252,12.87
113,Up from Slavery,4.591,634,574,90.54,0.0586,12.866
114,A Fine Balance,4.506,711,627,88.19,0.0658,12.851
115,Gift from the Sea,4.637,587,536,91.31,0.0543,12.839
116,Twenty Thousand Leagues Under the Sea,4.124,1289,1033,80.14,0.1192,12.827
117,The Richest Man in Babylon,4.59,617,558,90.44,0.0571,12.807
118,"The richest man in Babylon (Babylonian parables dealing with the principles of finance, etc)",4.59,617,558,90.44,0.0571,12.807
119,Animal Farm,4.566,618,568,91.91,0.0572,12.745
120,One Flew Over the Cuckoo's Nest,4.574,612,558,91.18,0.0566,12.745
121,"Animal Farm (Signet Classics, CT304)",4.566,618,568,91.91,0.0572,12.745
122,ANIMAL FARM - A Fairy Story (Time Reading Program Special Edition),4.564,615,565,91.87,0.0569,12.729
123,Animal Farm 50TH Anniversary Edition,4.553,620,567,91.45,0.0573,12.714
124,The Stranger Beside Me,4.498,669,582,87.0,0.0619,12.708
125,The Rise and Fall of the Third Reich,4.684,506,472,93.28,0.0468,12.666
126,Catch 22 (catch-22),4.358,804,687,85.45,0.0744,12.662
127,Catch-Twenty-Two,4.358,804,687,85.45,0.0744,12.662
128,East Of Eden,4.618,550,499,90.73,0.0509,12.655
129,EAST OF EDEN,4.619,548,497,90.69,0.0507,12.649
130,Slaughter-House Five,4.331,832,696,83.65,0.077,12.646
131,Slaughterhouse-Five : Or the Children's Crusade,4.331,832,696,83.65,0.077,12.646
132,"Slaughterhouse-five: Or, The children's crusade : a duty-dance with death",4.331,832,696,83.65,0.077,12.646
133,Slaughter-House Five (First paperback edition),4.33,828,692,83.57,0.0766,12.634
134,Foundation and Empire,4.24,950,782,82.32,0.0879,12.626
135,The Martian Chronicles,4.376,764,647,84.69,0.0707,12.615
136,The Cruel Sea,4.724,463,444,95.9,0.0428,12.591
137,Harry Potter & the Prisoner of Azkaban,4.713,464,439,94.61,0.0429,12.568
138,God calling,4.695,472,440,93.22,0.0437,12.554
139,The Two Towers: Part II of The Lord of the Rings (J.R.R. Tolkien),4.64,506,473,93.48,0.0468,12.548
140,Little Women (Courage giant classics),4.427,660,566,85.76,0.061,12.483
141,Little Women (Junior Classics),4.427,660,566,85.76,0.061,12.483
142,"Little Women: or Meg, Jo, Beth, and Amy",4.425,657,563,85.69,0.0608,12.467
143,"Little women, or, Meg, Jo, Beth and Amy: Parts I and II",4.424,656,562,85.67,0.0607,12.461
144,"Little women; or, Meg, Jo, Beth, and Amy,",4.424,656,562,85.67,0.0607,12.461
145,"Little women: Or Meg, Jo, Beth, and Amy",4.424,656,562,85.67,0.0607,12.461
146,Emma (Signet classics),4.275,822,678,82.48,0.076,12.461
147,The Grapes of Wrath,4.489,593,525,88.53,0.0549,12.448
148,"Little Women or Meg, Jo, Beth, and Amy.",4.42,652,558,85.58,0.0603,12.44
149,"Little women: Or, Meg, Jo, Beth, and Amy",4.419,652,557,85.43,0.0603,12.435
150,"Little women, or, Meg, Jo, Beth and Amy",4.419,647,554,85.63,0.0598,12.421
151,"Little women, or, Meg, Jo, Beth, and Amy (The Little Women series)",4.419,647,554,85.63,0.0598,12.421
152,"Little Women or Meg, Jo, Beth and Amy",4.419,647,554,85.63,0.0598,12.421
153,"Little women;: Or, Meg, Jo, Beth, and Amy",4.421,641,549,85.65,0.0593,12.41
154,Up from slavery: An autobiography,4.591,504,456,90.48,0.0466,12.408
155,Harry Potter and the Chamber of Secrets,4.603,494,461,93.32,0.0457,12.4
156,"Brave new world,: A novel",4.228,857,697,81.33,0.0793,12.399
157,The grapes of wrath,4.484,581,514,88.47,0.0537,12.394
158,The grapes of wrath (The Collector's library of the world's best-loved books),4.484,581,514,88.47,0.0537,12.394
159,"The grapes of wrath, (The living library)",4.484,581,514,88.47,0.0537,12.394
160,John Adams,4.677,446,415,93.05,0.0413,12.391
161,Brave new world; (Harper's modern classics),4.227,853,694,81.36,0.0789,12.39
162,The Grapes of Wrath (Steinbeck Essentials),4.48,577,510,88.39,0.0534,12.37
163,The hitchhiker's guide to the galaxy,4.365,677,566,83.6,0.0626,12.355
164,Lonesome Dove,4.768,380,356,93.68,0.0351,12.301
165,The War of the Worlds,4.358,664,574,86.45,0.0614,12.3
166,Frankenstein,4.202,843,674,79.95,0.078,12.293
167,Alice's Adventures in Wonderland and Through the Looking Glass,4.002,1174,842,71.72,0.1086,12.284
168,Narrative of the Life of Frederick Douglass,4.618,455,417,91.65,0.0421,12.274
169,Man's Search for Meaning; an Introduction to Logotherapy,4.734,391,367,93.86,0.0362,12.271
170,All Creatures Great and Small,4.818,352,344,97.73,0.0326,12.27
171,The Old Man and the Sea,4.281,729,581,79.7,0.0674,12.256
172,Economics in one lesson,4.379,628,526,83.76,0.0581,12.252
173,Economics in one lesson (Pocket book),4.379,628,526,83.76,0.0581,12.252
174,Speaker for the Dead,4.255,753,612,81.27,0.0697,12.241
175,Memoirs of a Geisha (Signed),4.412,592,507,85.64,0.0548,12.232
176,A Clockwork Orange,4.478,533,471,88.37,0.0493,12.211
177,The Scarlet Letter,3.925,1285,901,70.12,0.1189,12.203
178,Hiroshima,4.244,741,601,81.11,0.0685,12.18
179,The Guns of August,4.588,444,399,89.86,0.0411,12.146
180,A Town Like Alice,4.424,556,488,87.77,0.0514,12.145
181,Leaves of Grass,4.275,690,555,80.43,0.0638,12.137
182,The Clan of the Cave Bear,4.554,460,416,90.43,0.0425,12.127
183,Alice in Wonderland (Tell tales),4.239,706,564,79.89,0.0653,12.077
184,Fahrenheit 451 (Cascades S.),4.281,662,543,82.02,0.0612,12.076
185,Alice's Adventures in Wonderland (Aladdin Classics),4.24,705,563,79.86,0.0652,12.076
186,Wuthering Heights (New Windmill),4.102,863,654,75.78,0.0798,12.043
187,The Catcher in the Rye [Audiobook] [Cd] [Unabridged] (Audio CD),3.999,1026,740,72.12,0.0949,12.042
188,THE CATCHER IN THE RYE,4.0,1023,738,72.14,0.0946,12.04
189,Wuthering Heights.,4.097,868,657,75.69,0.0803,12.038
190,Wuthering Heights (Riverside editions),4.097,868,657,75.69,0.0803,12.038
191,The Catcher in the Rye,3.996,1029,741,72.01,0.0952,12.038
192,Wuthering Heights (Penguin Audiobooks),4.097,868,657,75.69,0.0803,12.038
193,everything on this page is for Treasure Island,4.349,585,494,84.44,0.0541,12.034
194,Treasure Island (Classic Illustrated),4.349,585,494,84.44,0.0541,12.034
195,Robert Louis Stevenson's Treasure island,4.349,582,492,84.54,0.0538,12.024
196,Lewis Carroll's Alice in Wonderland,4.231,692,551,79.62,0.064,12.017
197,The Postman Always Rings Twice,4.408,532,511,96.05,0.0492,12.016
198,Wuthering Heights (The Franklin Library),4.092,862,651,75.52,0.0797,12.011
199,Jane Eyre / Wuthering Heights,4.092,862,651,75.52,0.0797,12.011
200,Little Men,4.226,685,535,78.1,0.0634,11.984
201,Charlotte's Web,4.758,330,308,93.33,0.0305,11.982
202,Wuthering Heights (College classics in English),4.087,850,641,75.41,0.0786,11.973
203,Treasure Island; (Easy reading books: upper-grade interest),4.343,571,482,84.41,0.0528,11.973
204,The Adventures of Huckleberry Finn (Courage Literary Classics),4.303,601,506,84.19,0.0556,11.957
205,Adventures of Huckleberry Finn (Simple English),4.303,601,506,84.19,0.0556,11.957
206,A Journey to the Center of the Earth,4.173,729,573,78.6,0.0674,11.946
207,Jurassic Park,4.502,450,406,90.22,0.0416,11.945
208,"Huckleberry Finn,",4.301,599,504,84.14,0.0554,11.944
209,The adventures of Huckleberry Finn,4.297,595,500,84.03,0.055,11.923
210,The Adventures of Huckleberry Finn,4.295,590,495,83.9,0.0546,11.901
211,"The Lion, The witch and the Wardrobe",4.623,374,347,92.78,0.0346,11.894
212,"The Lion, the Witch and the Wardrobe: A Story for Children",4.623,374,347,92.78,0.0346,11.894
213,"The Lion, the Witch and the Wardrobe Movie Tie-in Edition (The Chronicles of Narnia)",4.619,375,347,92.53,0.0347,11.889
214,"The Chronicles of Narnia: The Lion, The Witch and the Wardrobe (Collector's Edition)",4.622,373,346,92.76,0.0345,11.886
215,The Jungle Book,4.376,519,441,84.97,0.048,11.881
216,It's Not About the Bike: My Journey Back to Life,4.482,446,400,89.69,0.0413,11.874
217,Life on the Mississippi,4.11,774,599,77.39,0.0716,11.872
218,the Picture of Dorian Gray,4.28,592,490,82.77,0.0548,11.867
219,Picture of Dorian Grey (Classic Library),4.28,592,490,82.77,0.0548,11.867
220,The Picture of Dorian Gray (The Classic Collection),4.28,592,490,82.77,0.0548,11.867
221,The Picture of Dorian Gray (Bantam Classics),4.28,592,490,82.77,0.0548,11.867
222,The Adventures and Memoirs of Sherlock Holmes (Modern Library),4.38,510,440,86.27,0.0472,11.86
223,The Picture of Dorian Gray (Penguin Classics),4.279,591,489,82.74,0.0547,11.86
224,"The picture of Dorian Gray,",4.281,588,487,82.82,0.0544,11.855
225,"Lord of the Flies, a Novel",3.938,1012,731,72.23,0.0936,11.834
226,The Godfather,4.578,384,342,89.06,0.0355,11.831
227,Lord of the flies: A novel,3.937,1011,730,72.21,0.0935,11.829
228,"Lion, the Witch, and the Wardrobe",4.627,359,334,93.04,0.0332,11.822
229,"The Lion, the Witch and the Wardrobe (Chronicles of Narnia, 1)",4.627,359,334,93.04,0.0332,11.822
230,The Fountainhead,4.024,865,628,72.6,0.08,11.819
231,Picture of Dorian Gray,4.268,582,480,82.47,0.0538,11.801
232,Little House on the Prairie,4.543,394,350,88.83,0.0364,11.792
233,Adventures of Sherlock Holmes,4.369,498,428,85.94,0.0461,11.785
234,The Adventures of Sherlock Holmes: Sherlock Holmes Mysteries: Authorized Edition,4.369,498,428,85.94,0.0461,11.785
235,The Witch of Blackbird Pond,4.416,466,406,87.12,0.0431,11.784
236,The poisonwood Bible : a novel,4.274,566,466,82.33,0.0524,11.765
237,The Poisonwood Bible,4.264,573,470,82.02,0.053,11.759
238,The Fellowship of the Ring,4.451,437,376,86.04,0.0404,11.752
239,Romeo and Juliet,4.032,818,616,75.31,0.0757,11.744
240,Dracula (G. K. Hall (Large Print)),4.38,479,401,83.72,0.0443,11.74
241,A Princess of Mars,4.527,391,351,89.77,0.0362,11.734
242,Leaves of grass,4.275,552,444,80.43,0.0511,11.723
243,Dune,4.345,498,412,82.73,0.0461,11.72
244,Murder on the Orient Express,4.423,444,378,85.14,0.0411,11.71
245,Great Expectations (Signet classics),4.179,631,507,80.35,0.0584,11.702
246,Signature Classics - Great Expectations (Signature Classics Series),4.179,631,507,80.35,0.0584,11.702
247,Great Expectations (Enriched Classics),4.179,631,507,80.35,0.0584,11.702
248,Great expectations,4.177,628,504,80.25,0.0581,11.686
249,The Lord of the Rings: The Fellowship of the Ring (BBC Audio Collection),4.438,425,364,85.65,0.0393,11.664
250,The Fellowship of the Rings,4.438,425,364,85.65,0.0393,11.664
251,Blink: The Power of Thinking Without Thinking,3.807,1155,755,65.37,0.1068,11.659
252,Fellowship of the Ring 2ND Edition,4.436,424,363,85.61,0.0392,11.656
253,The Story of the Trapp Family Singers,4.757,280,276,98.57,0.0259,11.641
254,The Electric Kool-Aid Acid Test,4.223,566,452,79.86,0.0524,11.624
255,Twenty thousand leagues under the sea,4.129,652,524,80.37,0.0603,11.62
256,Crime and Punishment (Harvard Classics Shelf of Fiction ),4.401,436,374,85.78,0.0403,11.617
257,Crime and Punishment (Penguin Classics),4.401,436,374,85.78,0.0403,11.617
258,Return of the King Being the Third Part of The Lord of the Rings,4.62,326,303,92.94,0.0302,11.61
259,Crime & punishment;,4.405,425,365,85.88,0.0393,11.577
260,The Princess Bride,4.369,444,378,85.14,0.0411,11.567
261,Travels With Charley,4.319,476,398,83.61,0.044,11.565
262,The Awakening,3.897,928,676,72.84,0.0858,11.563
263,Seabiscuit: An American Legend (Trade Edition) (Turtleback School & Library Binding Edition),4.792,259,249,96.14,0.024,11.563
264,"How to Win Friends & Influence People (Cardinal Editions, C 303)",4.622,312,284,91.03,0.0289,11.527
265,The Stand. The Complete and Uncut Edition,4.402,415,342,82.41,0.0384,11.526
266,How to Win Friends & Influence People,4.619,312,284,91.03,0.0289,11.519
267,The Stand: The Complete and Uncut Edition (ISBN:0340358955),4.401,414,341,82.37,0.0383,11.517
268,The Killer Angels (Turtleback School & Library Binding Edition),4.772,259,250,96.53,0.024,11.517
269,The Red Tent (Bestselling Backlist),4.25,512,416,81.25,0.0474,11.514
270,Middlesex [Unabridged Audiobook],4.352,440,371,84.32,0.0407,11.505
271,Middlesex,4.352,440,371,84.32,0.0407,11.505
272,Red Tent,4.251,501,409,81.64,0.0463,11.478
273,A Farewell to Arms,4.034,698,506,72.49,0.0646,11.473
274,Watership Down,4.696,276,259,93.84,0.0255,11.462
275,WATERSHIP DOWN - AVON #19810,4.695,275,258,93.82,0.0254,11.452
276,Cat's cradle (A Dell book),4.376,410,351,85.61,0.0379,11.433
277,The great divorce,4.614,298,276,92.62,0.0276,11.416
278,When We Were Very Young,4.865,222,216,97.3,0.0205,11.415
279,Flatland: A Romance of Many Dimensions,4.228,500,394,78.8,0.0462,11.411
280,"The great divorce,",4.613,297,275,92.59,0.0275,11.406
281,Holes,4.616,292,266,91.1,0.027,11.381
282,Heart of Darkness,4.26,465,371,79.78,0.043,11.364
283,Persuasion (World's Classics),4.367,398,337,84.67,0.0368,11.353
284,Persuasion (French Edition),4.367,398,337,84.67,0.0368,11.353
285,Persuasion (Penguin Audio Classics),4.367,398,337,84.67,0.0368,11.353
286,FOUNDATION,4.24,475,391,82.32,0.0439,11.349
287,Foundation And Empire,4.241,474,390,82.28,0.0438,11.347
288,The Martian Way,4.242,472,388,82.2,0.0437,11.342
289,Tarzan of the Apes,4.5,330,300,90.91,0.0305,11.333
290,"Ulysses,",3.789,976,642,65.78,0.0903,11.327
291,Ulysses.,3.789,976,642,65.78,0.0903,11.327
292,Sense And Sensibility (CH) (Jane Austen Collection),4.384,383,328,85.64,0.0354,11.324
293,Sense & Sensibility Cds (Penguin Classics),4.384,383,328,85.64,0.0354,11.324
294,Sense & Sensibility (Classic Library),4.384,383,328,85.64,0.0354,11.324
295,Sense and sensibility,4.384,383,328,85.64,0.0354,11.324
296,Sense and Sensibility (Wordsworth Hardback Library),4.384,383,328,85.64,0.0354,11.324
297,"An inquiry into the nature and causes of the wealth of nations,",4.074,598,469,78.43,0.0553,11.311
298,Sense & Sensibility,4.381,381,326,85.56,0.0352,11.306
299,"Cry, the beloved country",4.338,402,334,83.08,0.0372,11.298
300,Never Cry Wolf,4.133,540,438,81.11,0.0499,11.294
301,The Lincoln Lawyer,4.575,292,269,92.12,0.027,11.28
302,I Capture the Castle,4.536,306,274,89.54,0.0283,11.275
303,The life and times of Jesus the Messiah,4.429,350,310,88.57,0.0324,11.267
304,THE RISE AND FALL ON THE THIRD REICH,4.684,253,236,93.28,0.0234,11.256
305,The Rise and Fall of the Third Reich - 2 Volumes Eastern Press Leather (A History of Nazi Germany),4.684,253,236,93.28,0.0234,11.256
306,A Portrait of the Artist as a Young Man,3.908,747,510,68.27,0.0691,11.228
307,Kushiel's Dart,4.056,585,444,75.9,0.0541,11.225
308,A journey to the centre of the earth,4.177,487,383,78.64,0.045,11.225
309,The Heart of the Matter,4.618,267,246,92.13,0.0247,11.206
310,Shane,4.74,231,215,93.07,0.0214,11.204
311,Mother Night,4.7,240,231,96.25,0.0222,11.187
312,Bridget Jones's Diary,4.0,624,454,72.76,0.0577,11.181
313,Emma (Radio Collection),4.275,411,339,82.48,0.038,11.174
314,Emma (Riverside Editions),4.275,411,339,82.48,0.038,11.174
315,Emma (Progress English),4.275,411,339,82.48,0.038,11.174
316,Emma (CH) (Jane Austen Collection),4.275,411,339,82.48,0.038,11.174
317,Emma (Summer Classics),4.275,411,339,82.48,0.038,11.174
318,Emma (The World's Classics),4.275,411,339,82.48,0.038,11.174
319,Emma (Letras Universales / Universal Writings) (Spanish Edition),4.275,411,339,82.48,0.038,11.174
320,Emma (World's Classics),4.275,411,339,82.48,0.038,11.174
321,Why revival tarries,4.966,177,177,100.0,0.0164,11.164
322,Me Talk Pretty One Day C,4.26,412,336,81.55,0.0381,11.139
323,Me Talk Pretty One Day (Turtleback School & Library Binding Edition),4.26,412,336,81.55,0.0381,11.139
324,Me Talk Pretty One Day,4.26,411,336,81.75,0.038,11.136
325,The Sea Wolf,4.269,405,335,82.72,0.0375,11.132
326,Hamlet,4.465,310,268,86.45,0.0287,11.123
327,A Tale of Two Cities - Literary Touchstone Edition,4.351,359,297,82.73,0.0332,11.117
328,"A Tale of Two Cities, Literary Touchstone Edition",4.351,359,297,82.73,0.0332,11.117
329,Psycho-Cybernetics,4.745,220,204,92.73,0.0203,11.116
330,Caddie Woodlawn,4.409,330,285,86.36,0.0305,11.104
331,The Tipping Point: How Little Things Can Make a Big Difference (Wheeler Compass),4.11,498,394,79.12,0.0461,11.087
332,Alice's Adventures in Wonderland and Through the Looking Glass (Classic Collection (Brilliance Audio)),4.003,588,422,71.77,0.0544,11.087
333,Frankenstein (Isis Large Print Fiction),4.219,424,341,80.42,0.0392,11.086
334,Bleak House,4.576,264,238,90.15,0.0244,11.081
335,Alice in Wonderland and Through the Looking Glass,4.002,587,421,71.72,0.0543,11.079
336,Frankenstein (Running Press classics),4.218,422,339,80.33,0.039,11.074
337,The Big Sleep,4.343,353,310,87.82,0.0327,11.064
338,Moby Dick,4.125,481,362,75.26,0.0445,11.063
339,The Scarlet Letter (Courage Unabridged Classics),3.929,650,456,70.15,0.0601,11.053
340,In Cold Blood: A True Account of a Multiple Murder and Its Consequences,4.552,268,244,91.04,0.0248,11.053
341,"The Scarlet Letter (Lake Illustrated Classics, Collection 2)",3.929,650,456,70.15,0.0601,11.053
342,The age of reason: Being an investigation of true and fabulous theology,4.485,291,252,86.6,0.0269,11.049
343,A tale of two cities,4.344,346,285,82.37,0.032,11.03
344,Five People You Meet in Heaven,4.05,522,394,75.48,0.0483,11.006
345,Zen And The Art of Motorcycle Maintenance,4.026,540,403,74.63,0.0499,11.0
346,Zen and the Art of Motorcycle Maintenance : An Inquiry Into Values,4.024,541,403,74.49,0.05,10.998
347,Zen and the Art of Motorcycle Maintenance : An Inquiry into Values,4.024,541,403,74.49,0.05,10.998
348,1491: New Revelations of the Americas Before Columbus,4.318,352,292,82.95,0.0326,10.996
349,Kon-Tiki,4.641,234,216,92.31,0.0216,10.996
350,"Moby Dick, or, The Whale",4.134,456,346,75.88,0.0422,10.992
351,"Moby Dick or The White Whale (World's Greatest Literature, 17)",4.132,456,345,75.66,0.0422,10.986
352,Moby-Dick or the Whale,4.132,456,345,75.66,0.0422,10.986
353,Moby-Dick or The Whale,4.132,456,345,75.66,0.0422,10.986
354,MOBY DICK or THE WHALE,4.132,456,345,75.66,0.0422,10.986
355,Cannery Row,4.542,262,236,90.08,0.0242,10.984
356,All the King's Men,4.598,244,224,91.8,0.0226,10.978
357,The cruel sea,4.739,207,200,96.62,0.0191,10.976
358,Anna Karenina,4.335,340,278,81.76,0.0314,10.975
359,Moby Dick Or the Whale,4.13,453,343,75.72,0.0419,10.97
360,The Scarlet Letter : A Romance,3.916,631,441,69.89,0.0584,10.965
361,The scarlet letter: a romance,3.916,631,441,69.89,0.0584,10.965
362,"Moby Dick;: Or, The whale,",4.128,452,342,75.66,0.0418,10.961
363,One for the Money,4.345,333,289,86.79,0.0308,10.961
364,Moby-Dick Or the Whale,4.128,452,342,75.66,0.0418,10.961
365,Moby Dick or The White Whale (Harper's Modern Classics),4.128,452,342,75.66,0.0418,10.961
366,I Am Legend,4.326,341,288,84.46,0.0315,10.955
367,"Guns, Germs, and Steel: The Fates of Human Societies",4.113,461,364,78.96,0.0426,10.955
368,I am Legend,4.321,343,289,84.26,0.0317,10.954
369,Moby Dick or the White Whale,4.126,451,341,75.61,0.0417,10.952
370,"Moby Dick;: Or, The white whale (A Signet classic)",4.126,451,341,75.61,0.0417,10.952
371,Watchmen,4.468,282,247,87.59,0.0261,10.948
372,Old Man & the Sea,4.276,362,288,79.56,0.0335,10.942
373,Moby Dick or the Whale (The World's Classics),4.127,448,339,75.67,0.0414,10.942
374,In the Heart of the Sea: The Tragedy of the Whaleship Essex,4.659,223,210,94.17,0.0206,10.941
375,In the Heart of the Sea,4.659,223,210,94.17,0.0206,10.941
376,In the Heart of the Sea : The Tragedy of the Whaleship Essex,4.659,223,210,94.17,0.0206,10.941
377,"Economics in one lesson,",4.379,314,263,83.76,0.029,10.934
378,"The Scarlet Letter, A Romance",3.909,623,434,69.66,0.0576,10.922
379,The Importance of Being Earnest and Other Plays,4.622,230,214,93.04,0.0213,10.915
380,Importance of Being Earnest Sig,4.615,231,214,92.64,0.0214,10.907
381,The Importance of Being Earnest [with Biographical Introduction],4.615,231,214,92.64,0.0214,10.907
382,The Importance of Being Earnest (Penguin Student Editions),4.615,231,214,92.64,0.0214,10.907
383,The Importance of Being Earnest (dramatized),4.615,231,214,92.64,0.0214,10.907
384,The Importance of Being Earnest,4.615,231,214,92.64,0.0214,10.907
385,The Importance of Being Earnest and Related Writings (Routledge English Texts),4.615,231,214,92.64,0.0214,10.907
386,The Importance of Being Earnest and Other Plays (Turtleback School & Library Binding Edition) (Penguin Classics),4.615,231,214,92.64,0.0214,10.907
387,Oscar Wilde: 'The Importance of Being Earnest' (Cambridge Literature),4.615,231,214,92.64,0.0214,10.907
388,Jonathan Livingston Seagull: A Story,4.268,358,288,80.45,0.0331,10.9
389,And Then There Were None,4.623,228,207,90.79,0.0211,10.9
390,And then there were none,4.623,228,207,90.79,0.0211,10.9
391,A confederacy of dunces,4.257,362,290,80.11,0.0335,10.892
392,Heart of Darkness (Everyman Classics),4.258,360,281,78.06,0.0333,10.886
393,Heart of Darkness and the Secret Sharer,4.258,360,281,78.06,0.0333,10.886
394,Narrative of the Life of Frederick Douglass: An American Slave,4.617,227,208,91.63,0.021,10.877
395,"Narrative of the Life of Frederick Douglass, An American Slave. Written by Himself",4.617,227,208,91.63,0.021,10.877
396,Under the Banner of Heaven: A Story of Violent Faith,4.216,380,312,82.11,0.0351,10.876
397,The Four Loves,4.635,222,207,93.24,0.0205,10.876
398,Under the Banner of Heaven,4.213,380,312,82.11,0.0351,10.869
399,The 7 habits of highly effective people: Wisdom and insights from,4.36,311,261,83.92,0.0288,10.869
400,Heart of Darkness. (Heritage Club Series),4.254,358,279,77.93,0.0331,10.865
401,"Narrative of the Life of Frederick Douglass, an American Slave",4.615,226,207,91.59,0.0209,10.864
402,The Shadow of the Wind Bestseller's Choice Audio,4.27,348,286,82.18,0.0322,10.853
403,"Autobiography Of Benjamin Franklin, The",4.189,387,303,78.29,0.0358,10.839
404,The Golden Compass,4.275,342,285,83.33,0.0316,10.833
405,The problem of pain,4.388,294,248,84.35,0.0272,10.831
406,With the Old Breed: At Peleliu and Okinawa,4.896,163,161,98.77,0.0151,10.83
407,The Silmarillion,4.345,310,258,83.23,0.0287,10.825
408,The Handmaid's Tale,4.258,345,281,81.45,0.0319,10.806
409,Middlemarch,4.249,349,275,78.8,0.0323,10.805
410,Autobiography of Benjamin Franklin,4.183,382,299,78.27,0.0353,10.801
411,Lolita,4.448,268,231,86.19,0.0248,10.8
412,The Canterbury Tales,4.167,390,306,78.46,0.0361,10.796
413,Alfred Hitchcock Presents 12 Stories for Late At Night,4.256,344,280,81.4,0.0318,10.795
414,Alfred Hitchcock Presents 12 Stories For Late Night,4.256,344,280,81.4,0.0318,10.795
415,Truman,4.816,174,167,95.98,0.0161,10.791
416,Cheaper By the Dozen,4.654,208,200,96.15,0.0192,10.788
417,Anne Frank the Diary of a Young Girl,4.704,196,188,95.92,0.0181,10.783
418,Anne Frank: The Diary of a Young Girl,4.704,196,188,95.92,0.0181,10.783
419,Lost Horizon,4.342,304,252,82.89,0.0281,10.781
420,The Mysterious Affair at Styles,4.195,370,308,83.24,0.0342,10.773
421,"The road to serfdom,",4.575,226,202,89.38,0.0209,10.771
422,Girl with a Pearl Earring,4.188,373,298,79.89,0.0345,10.769
423,Mysterious Affair at Styles,4.192,369,307,83.2,0.0341,10.762
424,The Other Boleyn Girl,4.27,330,272,82.42,0.0305,10.753
425,The Daughter of Time,4.496,246,216,87.8,0.0228,10.749
426,Clan of the Cave Bear (Earth's Children),4.555,229,207,90.39,0.0212,10.748
427,A Death in the Family,4.13,399,310,77.69,0.0369,10.743
428,Where The Wild Things Are,4.802,172,164,95.35,0.0159,10.736
429,Where the wild things are [by] Maurice Sendak (Novel units),4.802,172,164,95.35,0.0159,10.736
430,The Secret Garden,4.594,217,197,90.78,0.0201,10.735
431,"Killing Floor (Jack Reacher, No. 1)",4.021,466,346,74.25,0.0431,10.731
432,The Dharma Bums,4.347,294,246,83.67,0.0272,10.73
433,"The time machine,: An invention,",4.387,279,245,87.81,0.0258,10.729
434,The Time Machine: An Invention,4.387,279,245,87.81,0.0258,10.729
435,The Time Machine : An Invention (Literary Texts Ser.),4.387,279,245,87.81,0.0258,10.729
436,The Screwtape letters,4.72,186,177,95.16,0.0172,10.713
437,"The Screwtape letters,",4.72,186,177,95.16,0.0172,10.713
438,Cranford,4.301,309,274,88.67,0.0286,10.709
439,The Secret Garden (Worlds Classics),4.591,215,195,90.7,0.0199,10.708
440,The Moonstone,4.221,340,282,82.94,0.0314,10.684
441,Angela's Ashes (Turtleback School & Library Binding Edition),4.441,254,223,87.8,0.0235,10.68
442,The Hound of the Baskervilles,4.253,324,280,86.42,0.03,10.678
443,The cross and the switchblade,4.919,148,148,100.0,0.0137,10.675
444,"Moonstone, The",4.211,342,282,82.46,0.0316,10.67
445,All quiet on the western front;,4.672,192,178,92.71,0.0178,10.667
446,A Prayer for Owen Meany (Franklin Library Signed First Edition),4.531,224,197,87.95,0.0207,10.65
447,The Outsiders (Adapted for the Stage),4.498,233,212,90.99,0.0216,10.648
448,The Outsiders,4.498,233,212,90.99,0.0216,10.648
449,Outsiders,4.498,233,212,90.99,0.0216,10.648
450,A Room of One's Own,4.394,264,228,86.36,0.0244,10.64
451,The Great Brain,4.717,180,168,93.33,0.0166,10.637
452,We the Living,4.375,269,230,85.5,0.0249,10.631
453,Gift From the Sea - An Answer to the Conflicts in Our Lives,4.638,196,179,91.33,0.0181,10.631
454,Gift From The Sea,4.638,196,179,91.33,0.0181,10.631
455,Gift from the sea (Signet books),4.638,196,179,91.33,0.0181,10.631
456,Les Miserables,4.447,244,203,83.2,0.0226,10.616
457,Walden,4.22,327,256,78.29,0.0302,10.612
458,The Source,4.5,228,201,88.16,0.0211,10.611
459,The Federalist Papers,4.61,200,184,92.0,0.0185,10.608
460,Evelina,4.527,220,204,92.73,0.0203,10.605
461,Naked,4.2,335,277,82.69,0.031,10.605
462,Gift From the Sea,4.634,194,177,91.24,0.0179,10.602
463,Luckiest Man: The Life and Death of Lou Gehrig,4.641,192,180,93.75,0.0178,10.596
464,The Heart is a Lonely Hunter,4.127,369,275,74.53,0.0341,10.595
465,THE STORY OF FERDINAND,4.89,146,144,98.63,0.0135,10.585
466,It,4.405,252,214,84.92,0.0233,10.578
467,The Stranger Beside Me: Updated Twentieth Anniversary Edition,4.496,224,195,87.05,0.0207,10.566
468,The Stranger Beside Me (Signet),4.496,224,195,87.05,0.0207,10.566
469,"The fountainhead,",4.016,427,309,72.37,0.0395,10.565
470,Rebecca,4.533,214,194,90.65,0.0198,10.563
471,Stranger in a Strange Land : ( Science Fiction Book Club Ltd Edition ),3.871,535,347,64.86,0.0495,10.562
472,Stranger In A Strange Land: Library Edition,3.871,535,347,64.86,0.0495,10.562
473,Lord of Light,4.625,192,170,88.54,0.0178,10.56
474,Jonathan Strange & Mr. Norrell,3.982,448,317,70.76,0.0414,10.558
475,Practical Magic,3.928,487,324,66.53,0.045,10.557
476,Goodnight Moon,4.674,181,165,91.16,0.0167,10.552
477,Jonathan Strange & Mr. Norrell Signed,3.973,452,318,70.35,0.0418,10.55
478,Charlotte's web,4.758,165,154,93.33,0.0153,10.55
479,STRANGER IN A STRANGE LAND,3.875,526,341,64.83,0.0487,10.543
480,THE MARTIAN CHRONICLES,4.387,253,215,84.98,0.0234,10.543
481,Stanger in a Strange Land,3.878,523,340,65.01,0.0484,10.541
482,Complete Stories and Poems of Edgar Allan Poe,4.719,171,162,94.74,0.0158,10.538
483,The little prince,4.514,216,185,85.65,0.02,10.537
484,A Portrait of the Artist As a Young Man,3.904,500,340,68.0,0.0462,10.537
485,"The little prince,",4.514,216,185,85.65,0.02,10.537
486,Antoine de Saint-Exupery's: The Little Prince,4.514,216,185,85.65,0.02,10.537
487,The Martian Chronicles (Time Reading Program),4.376,255,216,84.71,0.0236,10.532
488,The Little Prince,4.498,219,186,84.93,0.0203,10.527
489,Good to Great,4.382,251,212,84.46,0.0232,10.516
490,Hatchet,4.293,280,232,82.86,0.0259,10.505
491,Tess of the D'Urbervilles: A pure woman (Harper's modern classics),4.183,322,255,79.19,0.0298,10.491
492,The Return of the King,4.67,176,166,94.32,0.0163,10.488
493,"Lamb: The Gospel According to Biff, Christ's Childhood Pal",4.488,217,192,88.48,0.0201,10.487
494,Tess of the d'Urbervilles (Cambridge Literature),4.176,323,255,78.95,0.0299,10.48
495,Tess of the d'Urbervilles,4.176,323,255,78.95,0.0299,10.48
496,Tess of the D'Urbervilles,4.176,323,255,78.95,0.0299,10.48
497,Tess of the D'Urbervilles (New Wessex editions),4.176,323,255,78.95,0.0299,10.48
498,Tess of the D'urbervilles (Summer Classics),4.176,323,255,78.95,0.0299,10.48
499,Tess of the Durbervilles,4.176,323,255,78.95,0.0299,10.48
500,Tess of Th D'Urbervilles (Pbk)(Oop) (Bloom's Notes),4.176,323,255,78.95,0.0299,10.48
501,Tess of The D'Urbervilles,4.176,323,255,78.95,0.0299,10.48
502,Naked in Death,4.245,294,238,80.95,0.0272,10.478
503,TESS OF THE D'UBERVILLES (PL 25),4.186,318,252,79.25,0.0294,10.474
504,The witch of blackbird pond (A Dell yearling book),4.417,235,205,87.23,0.0217,10.473
505,The witch of Blackbird Pond (A Dell book),4.417,235,205,87.23,0.0217,10.473
506,Witch of Blackbird Pond (Bookwise Guide),4.417,235,205,87.23,0.0217,10.473
507,Thus Spake Zarathustra,4.223,301,229,76.08,0.0278,10.466
508,"Tess of the d'Urbervilles,: A pure woman faithfully presented",4.187,316,251,79.43,0.0292,10.465
509,Plainsong,4.076,368,284,77.17,0.034,10.459
510,About a Boy,4.306,268,236,88.06,0.0248,10.455
511,"Uncle Tom's cabin;: Or, Life among the lowly",4.486,214,184,85.98,0.0198,10.454
512,The No. 1 Ladies' Detective Agency,4.319,263,216,82.13,0.0243,10.453
513,House of Mirth,4.446,224,194,86.61,0.0207,10.45
514,Neverwhere,4.262,282,229,81.21,0.0261,10.444
515,Little Black Sambo,4.077,364,278,76.37,0.0337,10.441
516,ONE HUNDRED YEARS OF SOLITUDE,4.237,291,226,77.66,0.0269,10.44
517,One Hundred Years of Solitude,4.237,291,226,77.66,0.0269,10.44
518,THE STORY OF LITTLE BLACK SAMBO.,4.077,363,277,76.31,0.0336,10.437
519,"Uncle Tom's Cabin - Or, Life Among The Lowly",4.474,215,183,85.12,0.0199,10.436
520,"Leaves of grass,",4.275,276,222,80.43,0.0255,10.436
521,On liberty,4.196,306,246,80.39,0.0283,10.43
522,The Bell Jar (Great Books of the 20th Century),4.415,229,199,86.9,0.0212,10.418
523,The Adventures of Tom Sawyer (Courage Literary Classics),4.533,197,175,88.83,0.0182,10.401
524,The Bell Jar : A Novel (Perennial Classics),4.414,227,197,86.78,0.021,10.4
525,Earth Abides,4.029,381,280,73.49,0.0352,10.398
526,Player Piano,4.12,332,272,81.93,0.0307,10.388
527,"Murder in the Calais coach,",4.423,222,189,85.14,0.0205,10.379
528,Murder on the Orient Express: A Hercule Poirot Mystery,4.423,222,189,85.14,0.0205,10.379
529,Black like me,4.675,166,158,95.18,0.0154,10.378
530,"Twenty thousand leagues under the sea, (The Windermere series)",4.129,326,262,80.37,0.0302,10.377
531,Twenty Thousand Leagues Under the Sea (Library Edition),4.129,326,262,80.37,0.0302,10.377
532,Twenty Thousand Leagues Under the Sea (Caxton Edition),4.129,326,262,80.37,0.0302,10.377
533,"The annotated Jules Verne, Twenty thousand leagues under the sea",4.129,326,262,80.37,0.0302,10.377
534,Twenty Thousand Leagues Under the Sea (Thorndike Press Large Print Perennial Bestsellers Series),4.129,326,262,80.37,0.0302,10.377
535,Shutter Island,4.165,309,243,78.64,0.0286,10.371
536,Murder in the Calais Coach (A Hercule Poirot Mystery),4.421,221,188,85.07,0.0204,10.364
537,One Fish Two Fish Red Fish Blue Fish,4.614,176,158,89.77,0.0163,10.36
538,Twenty Thousand leagues Under the Sea,4.124,322,258,80.12,0.0298,10.343
539,Odd Thomas,4.257,269,220,81.78,0.0249,10.342
540,Founding Brothers: The Revolutionary Generation,4.325,246,205,83.33,0.0228,10.341
541,The Exorcist,4.565,184,170,92.39,0.017,10.339
542,A princess of Mars,4.523,193,173,89.64,0.0179,10.338
543,Without Remorse,4.221,280,226,80.71,0.0259,10.331
544,Down Under: Complete & Unabridged,4.457,208,184,88.46,0.0192,10.331
545,Down Under; Abridged,4.457,208,184,88.46,0.0192,10.331
546,Man and His Symbols,4.478,201,177,88.06,0.0186,10.313
547,Endurance: Shackleton's Incredible Voyage,4.843,134,130,97.01,0.0124,10.302
548,Endurance: Shackleton's incredible voyage,4.843,134,130,97.01,0.0124,10.302
549,I know this much is true,4.421,214,182,85.05,0.0198,10.302
550,DR JEKYL AND MR HYDE (MEDALLION EDITION),4.04,354,266,75.14,0.0327,10.297
551,The Strange Case of Dr. Jekyll and Mr. Hyde and Other Stories,4.04,354,266,75.14,0.0327,10.297
552,Ella Enchanted,4.748,147,142,96.6,0.0136,10.291
553,"The strange case of Dr. Jekyll and Mr. Hyde,",4.037,353,265,75.07,0.0327,10.285
554,The Wonderful Wizard of Oz,4.535,185,162,87.57,0.0171,10.282
555,The Dispossessed,4.253,261,201,77.01,0.0241,10.278
556,Fathers and Sons,4.527,186,168,90.32,0.0172,10.274
557,The White Company,4.444,205,175,85.37,0.019,10.273
558,King Rat,4.467,199,176,88.44,0.0184,10.27
559,The Plague,4.348,230,192,83.48,0.0213,10.268
560,"20, 000 Leagues Under the Sea",4.108,316,252,79.75,0.0292,10.268
561,The Call of the Wild (Dover Large Print Classics),4.364,225,194,86.22,0.0208,10.266
562,The call of the wild,4.364,225,194,86.22,0.0208,10.266
563,The Call of the Wild (Library of America),4.364,225,194,86.22,0.0208,10.266
564,The Call Of The Wild,4.364,225,194,86.22,0.0208,10.266
565,"Travels With Charley, In Search of America",4.319,238,199,83.61,0.022,10.265
566,Travels with Charlie,4.319,238,199,83.61,0.022,10.265
567,Dr. Jekyll and Mr. Hyde,4.04,347,262,75.5,0.0321,10.264
568,Contact,4.43,207,183,88.41,0.0191,10.26
569,Coraline,4.36,225,193,85.78,0.0208,10.256
570,Dr Jekyll And Mr Hyde,4.026,352,263,74.72,0.0326,10.251
571,The Alchemist: A Fable about Following Your Dream,3.799,498,326,65.46,0.0461,10.247
572,The sun also rises (The Greatest books of the twentieth century),3.961,386,267,69.17,0.0357,10.246
573,The sun also rises (The Modern library of the world's best books),3.961,386,267,69.17,0.0357,10.246
574,Fiesta [The Sun Also Rises].,3.961,386,267,69.17,0.0357,10.246
575,THE SUN ALSO RISES,3.961,386,267,69.17,0.0357,10.246
576,Travels with Charley,4.314,236,197,83.47,0.0218,10.236
577,The War of The Worlds,4.36,222,192,86.49,0.0205,10.231
578,The Warlord of Mars,4.386,215,188,87.44,0.0199,10.23
579,For whom the bell tolls (Zephyr books),4.447,199,172,86.43,0.0184,10.224
580,For Whom the Bell Tolls,4.449,198,171,86.36,0.0183,10.219
581,Crooked House,4.429,203,167,82.27,0.0188,10.219
582,Dandelion Wine,4.602,166,150,90.36,0.0154,10.218
583,The Good Earth,4.456,195,172,88.21,0.018,10.205
584,The Innocent,4.093,311,245,78.78,0.0288,10.203
585,The Wonderful Wizard Of Oz,4.525,179,156,87.15,0.0166,10.194
586,HYPERION,4.358,218,182,83.49,0.0202,10.191
587,Ulysses (International Collectors Library),3.789,488,321,65.78,0.0451,10.186
588,The Kon-Tiki Expedition,4.641,156,144,92.31,0.0144,10.178
589,Kon-tiki,4.641,156,144,92.31,0.0144,10.178
590,Silas Marner,4.107,300,233,77.67,0.0277,10.173
591,"Cranford,",4.297,232,205,88.36,0.0215,10.165
592,Nicholas and Alexandra,4.808,130,128,98.46,0.012,10.163
593,My Family and Other Animals,4.739,138,138,100.0,0.0128,10.141
594,"Flatland: A romance of many dimensions,",4.228,250,197,78.8,0.0231,10.138
595,FLATLAND A ROMANCE OF MANY DIMENSIONS,4.228,250,197,78.8,0.0231,10.138
596,Flatland: A romance of many dimensions,4.228,250,197,78.8,0.0231,10.138
597,Flatland,4.229,249,196,78.71,0.023,10.133
598,The Great Escape,4.897,117,114,97.44,0.0108,10.129
599,THE MURDER OF ROGER ACKROYD,4.594,160,146,91.25,0.0148,10.125
600,Interview with the Vampire,4.174,265,210,79.25,0.0245,10.114
601,The Notebook,4.077,300,228,76.0,0.0277,10.098
602,FEAR AND LOATHING IN LAS VEGAS a Savage Journey to the Heart of the American Dream,4.492,177,154,87.01,0.0164,10.097
603,The Borrowers,4.457,184,160,86.96,0.017,10.093
604,Interview With The Vampire SIGNED First Edition,4.167,263,208,79.09,0.0243,10.085
605,Interview With The Vampire,4.167,263,208,79.09,0.0243,10.085
606,The Red Badge of Courage: An Episode of the American Civil War,3.965,346,252,72.83,0.032,10.068
607,The Pearl,4.099,284,224,78.87,0.0263,10.055
608,The Naked Sun,4.518,168,162,96.43,0.0155,10.054
609,America Alone: The End of the World as We Know It,4.413,189,161,85.19,0.0175,10.045
610,Interpreter of Maladies (Highbridge Distribution),4.403,191,169,88.48,0.0177,10.044
611,Gorky Park,4.483,174,156,89.66,0.0161,10.044
612,Breakfast of Champions,4.069,290,222,76.55,0.0268,10.019
613,The Bonfire of the Vanities,4.284,218,186,85.32,0.0202,10.019
614,David Copperfield,4.568,155,144,92.9,0.0143,10.005
615,"Cry, the Beloved Country (Alan Paton Reads)",4.338,201,167,83.08,0.0186,9.992
616,Cry The Beloved Country (School Edition),4.338,201,167,83.08,0.0186,9.992
617,"Cry, The Beloved Country",4.338,201,167,83.08,0.0186,9.992
618,"Cry, the Beloved Country",4.338,201,167,83.08,0.0186,9.992
619,A JOURNEY TO THE CENTER OF THE EARTH,4.179,246,194,78.86,0.0228,9.991
620,Journey to the Centre of the Earth (Oxford University English Readers),4.179,246,194,78.86,0.0228,9.991
621,A Journey to the Centre of the Earth,4.179,246,194,78.86,0.0228,9.991
622,The Mayor of Casterbridge,4.25,224,190,84.82,0.0207,9.989
623,Spoon River Anthology,4.405,185,160,86.49,0.0171,9.988
624,Around the World in Eighty Days,4.398,186,164,88.17,0.0172,9.981
625,A Painted house: A novel (The Oxford American),4.027,301,225,74.75,0.0278,9.98
626,"Anna Karenina - Translated From the Russian By Constance Garnett, Illustrated Bt Fritz Eichberg",4.343,198,165,83.33,0.0183,9.975
627,The Abolition of Man,4.525,160,142,88.75,0.0148,9.974
628,Journey to the Center of the Earth,4.172,244,192,78.69,0.0226,9.961
629,The American frugal housewife: Dedicated to those who are not ashamed of economy,4.137,255,195,76.47,0.0236,9.956
630,The Drawing of the 3: The Dark Tower II,4.5,162,148,91.36,0.015,9.943
631,Howards End,4.268,213,174,81.69,0.0197,9.937
632,The Reformed Doctrine of Predestination,4.629,140,132,94.29,0.0129,9.934
633,Penrod,4.429,175,155,88.57,0.0162,9.933
634,Redeeming Love,4.556,151,134,88.74,0.014,9.928
635,"The Age of Innocence (Classic, 20th-Century, Audio)",4.574,148,134,90.54,0.0137,9.927
636,The cruel sea (Cardinal giant),4.711,128,122,95.31,0.0118,9.927
637,I Capture The Castle (Turtleback School & Library Binding Edition),4.536,153,137,89.54,0.0142,9.91
638,I Capture the Castle (Chivers Sound Library),4.536,153,137,89.54,0.0142,9.91
639,Anna Karenina - translated from the Russian by Constance Garnett,4.332,193,161,83.42,0.0179,9.9
640,Two years before the mast: A personal narrative of life at sea,4.446,168,147,87.5,0.0155,9.895
641,"The Subtle Knife: His Dark Materials, Book 2",4.342,190,159,83.68,0.0176,9.895
642,Alice's Adventures in Wonderland Throught the Looking Glass,4.003,294,211,71.77,0.0272,9.882
643,Alice's adventures in Wonderland and Through the looking glass,4.003,294,211,71.77,0.0272,9.882
644,The Terrible Hours: The Man Behind the Greatest Submarine Rescue in History,4.328,192,165,85.94,0.0178,9.882
645,Alice's Adventures in Wonderland and Through the Looking Glass (Classic Collection),4.003,294,211,71.77,0.0272,9.882
646,Alice's adventures in wonderland: And Through the looking-glass,4.003,294,211,71.77,0.0272,9.882
647,"Alice's adventures in wonderland: And Through the looking-glass, and what Alice found there,",4.003,294,211,71.77,0.0272,9.882
648,Death comes for the Archbishop,4.398,176,154,87.5,0.0163,9.875
649,Christine,4.359,184,160,86.96,0.017,9.872
650,"Alice's Adventures in Wonderland, and, Through the Looking-Glass",4.0,293,210,71.67,0.0271,9.867
651,Alice's Adventures in Wonderland & Through the Looking-Glass,4.0,293,210,71.67,0.0271,9.867
652,Alice's Adventures in Wonderland & Through The Looking Glass (2 Volumes in Slipcase by The Folio Society),4.0,293,210,71.67,0.0271,9.867
653,Alice's Adventures in Wonderland / Through the Looking-Glass,4.0,293,210,71.67,0.0271,9.867
654,ALICE'S ADVENTURES IN WONDERLAND & THROUGH THE LOOKING GLASS and What Alice Found There (2 volumes),4.0,293,210,71.67,0.0271,9.867
655,A Streetcar Named Desire,4.63,135,127,94.07,0.0125,9.863
656,The Illustrated Man,4.277,202,164,81.19,0.0187,9.861
657,From Russia With Love,4.429,168,150,89.29,0.0155,9.855
658,The Elfstones of Shannara,4.541,148,130,87.84,0.0137,9.854
659,Cold Mountain A Novel,3.97,303,220,72.61,0.028,9.852
660,Cold Mountain,3.97,303,220,72.61,0.028,9.852
661,The Law,4.721,122,114,93.44,0.0113,9.85
662,A Room With a View,4.077,260,192,73.85,0.024,9.846
663,A Room with a View,4.077,260,192,73.85,0.024,9.846
664,Love In The Time Of Cholera,4.224,214,162,75.7,0.0198,9.844
665,"Undaunted Courage: Meriwether Lewis, Thomas Jefferson, and the Opening of the American West",4.434,166,144,86.75,0.0154,9.843
666,The Silence of the Lambs,4.649,131,121,92.37,0.0121,9.843
667,Penguin Readers Level 6: Misery (Penguin Longman Reader Level 6),4.59,139,128,92.09,0.0129,9.836
668,From Russia with Love,4.425,167,149,89.22,0.0154,9.836
669,A message to Garcia: Being a preachment,4.179,224,180,80.36,0.0207,9.821
670,"From Russia, With Love",4.433,164,147,89.63,0.0152,9.818
671,Upstate,4.651,129,120,93.02,0.0119,9.817
672,The Hiding Place,4.874,103,101,98.06,0.0095,9.81
673,The Greatest Generation,3.746,414,258,62.32,0.0383,9.804
674,"No man knows my history: The life of Joseph Smith, the Mormon prophet",3.932,311,227,72.99,0.0288,9.803
675,Daughter of Fortune,3.871,340,228,67.06,0.0314,9.798
676,The Bean Trees,3.941,306,216,70.59,0.0283,9.797
677,Their Eyes Were Watching God,4.386,171,146,85.38,0.0158,9.794
678,Jungle Book (Templar Classics),4.376,173,147,84.97,0.016,9.793
679,Jungle Book (Everyman's Library),4.376,173,147,84.97,0.016,9.793
680,Jungle Book (Classic Library),4.376,173,147,84.97,0.016,9.793
681,The Jungle Book (Townsend Library Edition),4.376,173,147,84.97,0.016,9.793
682,Rise of Theodore Roosevelt,4.777,112,108,96.43,0.0104,9.789
683,The Jungle Book (Companion Library),4.378,172,146,84.88,0.0159,9.787
684,Carrie,4.339,180,150,83.33,0.0166,9.785
685,Hamlet (The Shakespeare Folios),4.465,155,134,86.45,0.0143,9.779
686,Hamlet (Mod Crit Interpret) (Bloom's Modern Critical Interpretations),4.465,155,134,86.45,0.0143,9.779
687,"The Tragedie of Hamlet, Prince of Denmarke: Applause First Folio Editions (Applause Shakespeare Library Folio Texts)",4.465,155,134,86.45,0.0143,9.779
688,Blueberries for Sal,4.754,114,108,94.74,0.0105,9.779
689,Hamlet (Illustrated Shakespeare Ser.),4.465,155,134,86.45,0.0143,9.779
690,Echo Park (SIGNED),4.415,164,148,90.24,0.0152,9.778
691,"Mayflower : A Story of Courage, Community, and War",4.333,180,156,86.67,0.0166,9.773
692,Darkfever (Fever Series),3.818,362,260,71.82,0.0335,9.768
693,Dreams from My Father: A Story of Race and Inheritance,4.218,206,166,80.58,0.0191,9.761
694,Disgrace: Complete & Unabridged,4.277,191,160,83.77,0.0177,9.757
695,Collapse: How Societies Choose to Fail or Succeed,4.059,253,193,76.28,0.0234,9.755
696,"Rich Dad, Poor Dad",3.706,428,280,65.42,0.0396,9.751
697,WE WERE SOLDIERS ONCE . . . AND YOUNG : IA DRANG The Battle That Changed the War in Vietnam (LIBRARY OF MILITARY HISTORY),4.672,122,112,91.8,0.0113,9.748
698,"We Were Soldiers Once...and Young: Ia Drang, The Battle That Changed the War in Vietnam",4.672,122,112,91.8,0.0113,9.748
699,A Stillness At Appomattox,4.843,102,100,98.04,0.0094,9.728
700,Perfume: The Story of a Murderer,4.32,178,148,83.15,0.0165,9.722
701,HIS EXCELLENCY GEORGE WASHINGTON.,4.369,168,150,89.29,0.0155,9.722
702,Tender is the Night,3.855,332,222,66.87,0.0307,9.72
703,Tender Is the Night,3.855,332,222,66.87,0.0307,9.72
704,The Painted Veil,4.382,165,147,89.09,0.0153,9.717
705,Invisible Man,4.514,142,124,87.32,0.0131,9.716
706,Invisible Man (Great Books of the 20th Century),4.514,142,124,87.32,0.0131,9.716
707,Skinny Dip,4.234,197,159,80.71,0.0182,9.714
708,Girl in Hyacinth Blue,4.015,262,200,76.34,0.0242,9.71
709,Up From Slavery,4.592,130,118,90.77,0.012,9.708
710,Up from slavery;: An autobiography (World's classics),4.592,130,118,90.77,0.012,9.708
711,The Seven Storey Mountain,4.556,135,123,91.11,0.0125,9.705
712,Oliver Twist (Classics Collection),4.376,165,143,86.67,0.0153,9.703
713,Bleak House (Penguin English Library),4.576,132,119,90.15,0.0122,9.703
714,Bleak House (Bantam Classics (Turtleback)),4.576,132,119,90.15,0.0122,9.703
715,Our Man in Havana,4.447,152,140,92.11,0.0141,9.703
716,A Canticle for Leibowitz,4.355,169,140,82.84,0.0156,9.703
717,Awakening: Kate Chopin Pb (Case Studies in Contemporary),3.905,305,223,73.11,0.0282,9.701
718,"The Awakening: Complete, Authoritative Text With Biographical and Historical Contexts, Critical History, and Essays from Five Contemporary Critical ... (Case Studies in Contemporary Criticism)",3.905,305,223,73.11,0.0282,9.701
719,The Nanny Diaries,3.736,394,250,63.45,0.0364,9.697
720,Tunnel in the Sky,4.585,130,124,95.38,0.012,9.692
721,The Adventures of Robinson Crusoe,4.023,256,184,71.88,0.0237,9.689
722,Swallows and Amazons,4.568,132,120,90.91,0.0122,9.687
723,We Have Always Lived In The Castle,4.286,182,146,80.22,0.0168,9.686
724,Where the Heart is,4.294,180,148,82.22,0.0166,9.685
725,The jungle book,4.361,166,140,84.34,0.0154,9.683
726,Cane River,4.518,139,123,88.49,0.0129,9.682
727,Tobacco Road,3.868,318,222,69.81,0.0294,9.679
728,Code Book: The Science of Secrecy from Ancient Egypt to Quantum Cryptography,4.73,111,108,97.3,0.0103,9.674
729,Black Rose (In the Garden Series),4.388,160,136,85.0,0.0148,9.671
730,The Complete Sherlock Holmes,4.345,168,144,85.71,0.0155,9.669
731,"Brown bear, Brown bear, what do you see?",4.814,102,101,99.02,0.0094,9.669
732,Rabble in Arms,4.626,123,108,87.8,0.0114,9.668
733,When Comes the Spring (Canadian West #2),4.65,120,108,90.0,0.0111,9.668
734,"The Great Hunt (Turtleback School & Library Binding Edition) (The Wheel of Time, Book 2)",4.318,173,147,84.97,0.016,9.664
735,Deception Point,3.82,338,223,65.98,0.0313,9.659
736,The Andromeda Strain,3.97,270,186,68.89,0.025,9.653
737,"Up from slavery;: An autobiography,",4.595,126,114,90.48,0.0117,9.652
738,THE JUNGLE BOOK.,4.362,163,138,84.66,0.0151,9.649
739,On the Road,3.833,329,222,67.48,0.0304,9.648
740,History of Western Philosophy,4.421,152,136,89.47,0.0141,9.646
741,"Notes on nursing: What it is, and what it is not",4.375,160,132,82.5,0.0148,9.643
742,The Pilgrim's Progress,4.562,130,114,87.69,0.012,9.643
743,Waiting,3.882,304,224,73.68,0.0281,9.637
744,Island of the Blue Dolphins,4.587,126,115,91.27,0.0117,9.635
745,Eight Cousins,4.455,145,127,87.59,0.0134,9.629
746,Up from slavery;: An autobiography (A Bantam pathfinder edition),4.615,122,111,90.98,0.0113,9.628
747,Old Possum's Book of Practical Cats,4.575,127,115,90.55,0.0117,9.624
748,Hiroshima (A Borzoi book),4.243,185,150,81.08,0.0171,9.62
749,Bridget Jones: The Edge of Reason,4.293,174,142,81.61,0.0161,9.619
750,Echoes,4.079,228,174,76.32,0.0211,9.618
751,Bet Me,4.408,152,134,88.16,0.0141,9.617
752,Bet Me (Brilliance Audio on Compact Disc),4.408,152,134,88.16,0.0141,9.617
753,Cannery Row by Steinbeck,4.542,131,118,90.08,0.0121,9.617
754,The end of the affair,4.341,164,138,84.15,0.0152,9.616
755,Jonathan Livingston Seagull (20th Anniversary Ed.),4.268,179,144,80.45,0.0166,9.616
756,The Dark Tower: The Gunslinger,4.033,242,173,71.49,0.0224,9.614
757,It Can't Happen Here,4.012,249,186,74.7,0.023,9.614
758,"The Gunslinger (The Dark Tower Ser., Bk. I)",4.029,243,173,71.19,0.0225,9.611
759,The Adventures of Oliver Twist,4.365,159,137,86.16,0.0147,9.609
760,Anansi Boys,4.333,165,143,86.67,0.0153,9.609
761,Up from slavery;: An autobiography,4.589,124,112,90.32,0.0115,9.606
762,Up from slavery: An autobiography (Sons of liberty series),4.589,124,112,90.32,0.0115,9.606
763,Up From Slavery: An Autobiography,4.589,124,112,90.32,0.0115,9.606
764,"Up from slavery,: An autobiography",4.589,124,112,90.32,0.0115,9.606
765,"Technical analysis of stock trends,",4.271,177,144,81.36,0.0164,9.602
766,Technical Analysis of Stock Trends,4.271,177,144,81.36,0.0164,9.602
767,Snow Crash,4.02,244,180,73.77,0.0226,9.598
768,Green Eggs and Ham (Living Books Interactive Animated Stories),4.911,90,88,97.78,0.0083,9.598
769,The Color of Water,4.416,149,129,86.58,0.0138,9.597
770,Jonathan Livingston Seagull,4.264,178,143,80.34,0.0165,9.596
771,The Innocent Man: Murder and Injustice in a Small Town (Random House Large Print),4.034,238,181,76.05,0.022,9.586
772,Lady Chatterley's Lover,3.707,382,236,61.78,0.0353,9.571
773,All the King's Men (Greatest Books of the 20th Century),4.595,121,111,91.74,0.0112,9.57
774,All the King's Men (Signed),4.595,121,111,91.74,0.0112,9.57
775,Sister Carrie,3.754,354,246,69.49,0.0327,9.57
776,The Prophet,4.67,112,102,91.07,0.0104,9.569
777,The Wind In the Willows,4.489,135,121,89.63,0.0125,9.563
778,The wind in the willows,4.489,135,121,89.63,0.0125,9.563
779,One day in the life of Ivan Denisovich (Praeger paberbacks),4.56,125,117,93.6,0.0116,9.562
780,Memoirs of Sherlock Holmes,4.78,100,94,94.0,0.0092,9.56
781,Three Men in a Boat,4.382,152,134,88.16,0.0141,9.56
782,Hard Times,3.926,272,192,70.59,0.0252,9.559
783,Woman in White,4.496,133,119,89.47,0.0123,9.549
784,LIARS POKER,4.331,160,137,85.62,0.0148,9.547
785,Liar's Poker: Rising Through the Wreckage on Wall Street,4.331,160,137,85.62,0.0148,9.547
786,Liar's poker : rising through the wreckage on Wall Street,4.331,160,137,85.62,0.0148,9.547
787,A Grief Observed,4.77,100,97,97.0,0.0092,9.54
788,The Tin Drum,4.286,168,135,80.36,0.0155,9.537
789,Middlemarch: A Novel of Reform (Twayne's Masterwork Studies),4.251,175,138,78.86,0.0162,9.536
790,Middlemarch 6d (Classic Fiction),4.251,175,138,78.86,0.0162,9.536
791,Middlemarch (Turtleback School & Library Binding Edition) (Penguin Classics),4.251,175,138,78.86,0.0162,9.536
792,Middlemarch (Penguin Audiobooks),4.251,175,138,78.86,0.0162,9.536
793,"Seven pillars of wisdom,: A triumph",4.443,140,124,88.57,0.0129,9.535
794,Seven pillars of wisdom: A triumph,4.443,140,124,88.57,0.0129,9.535
795,Jude the Obscure,4.013,237,171,72.15,0.0219,9.529
796,Ham on Rye,4.632,114,104,91.23,0.0105,9.527
797,My Life in France,4.612,116,108,93.1,0.0107,9.521
798,The Synonym Finder,4.848,92,88,95.65,0.0085,9.52
799,Johnny Tremain,4.153,196,160,81.63,0.0181,9.52
800,How to Read a Book,4.309,162,130,80.25,0.015,9.52
801,Middlemarch a Study of Provincial Life,4.247,174,137,78.74,0.0161,9.516
802,Middlemarch A Study of Provincial Life,4.247,174,137,78.74,0.0161,9.516
803,Middlemarch: A Study of Provincial Life,4.247,174,137,78.74,0.0161,9.516
804,Midnight in the Garden of Good and Evil,4.209,182,148,81.32,0.0168,9.512
805,"The problem of pain,",4.388,147,124,84.35,0.0136,9.51
806,The Problem of Pain,4.388,147,124,84.35,0.0136,9.51
807,The mysterious affair at Styles,4.195,185,154,83.24,0.0171,9.51
808,"The problem of pain, (The Christian challenge series, ed. by Ashley Sampson)",4.388,147,124,84.35,0.0136,9.51
809,Mysterious affair at styles,4.195,185,154,83.24,0.0171,9.51
810,Wizard of Earthsea,4.148,196,151,77.04,0.0181,9.508
811,A Wizard of Earthsea (Earthsea Trilogy Ser.),4.148,196,151,77.04,0.0181,9.508
812,When Genius Failed: The Rise and Fall of Long-Term Capital Management,4.557,122,115,94.26,0.0113,9.508
813,"A Wizard of Earthsea (The Earthsea Cycle, Book 1)",4.148,196,151,77.04,0.0181,9.508
814,Everything's Eventual: 14 Dark Tales,4.257,171,146,85.38,0.0158,9.507
815,Giovanni's Room,4.712,104,98,94.23,0.0096,9.503
816,Lucky Jim,4.403,144,122,84.72,0.0133,9.503
817,Revolutionary Road,4.355,152,130,85.53,0.0141,9.503
818,The Pact: A Love Story,4.196,184,148,80.43,0.017,9.502
819,The Maltese falcon,4.459,135,118,87.41,0.0125,9.5
820,The Maltese Falcon,4.459,135,118,87.41,0.0125,9.5
821,THE MALTESE FALCON - A Sam Spade Mystery,4.459,135,118,87.41,0.0125,9.5
822,Illusions: The Adventures of a Reluctant Messiah,4.609,115,102,88.7,0.0106,9.497
823,Year of Wonders (Turtleback School & Library Binding Edition),4.075,214,163,76.17,0.0198,9.496
824,Middlemarch;: A study of provincial life (Collier books),4.243,173,136,78.61,0.016,9.496
825,The merry adventures of Robin Hood of great renown in Nottinghamshire,4.327,156,132,84.62,0.0144,9.489
826,Red Harvest,4.396,144,135,93.75,0.0133,9.488
827,The forgotten soldier,4.673,107,99,92.52,0.0099,9.483
828,A Town Like Alice (Import),4.424,139,122,87.77,0.0129,9.482
829,A TOWN LIKE ALICE,4.424,139,122,87.77,0.0129,9.482
830,Strong Poison,4.52,125,115,92.0,0.0116,9.478
831,Till We Have Faces: A Myth Retold,4.651,109,99,90.83,0.0101,9.477
832,Till we have faces: A myth retold,4.651,109,99,90.83,0.0101,9.477
833,Till We have Faces... A Myth Retold,4.651,109,99,90.83,0.0101,9.477
834,Tell No One,4.045,220,168,76.36,0.0203,9.476
835,The Nine Tailors,4.541,122,108,88.52,0.0113,9.474
836,Black Beauty: His Groom and Companions (Courage Literary Classics),4.723,101,95,94.06,0.0093,9.466
837,Black Beauty (Troll Illustrated Classics),4.723,101,95,94.06,0.0093,9.466
838,The Invisible Man,3.975,240,182,75.83,0.0222,9.461
839,"The Wisdom of Crowds: Why the Many Are Smarter Than the Few and How Collective Wisdom Shapes Business, Economies, Societies and Nations",4.018,226,168,74.34,0.0209,9.458
840,The Phantom Tollbooth (G.K. Hall large print for young readers),4.622,111,101,90.99,0.0103,9.453
841,His Dark Materials Trilogy,4.077,208,158,75.96,0.0192,9.451
842,Hearts in Atlantis,4.027,222,158,71.17,0.0205,9.449
843,Understood Betsy,4.833,90,87,96.67,0.0083,9.446
844,A Very Long Engagement,4.455,132,111,84.09,0.0122,9.446
845,Ramona,4.161,186,150,80.65,0.0172,9.444
846,Black Beauty (Hallmark Edition),4.72,100,94,94.0,0.0092,9.44
847,Black Beauty: His Grooms and Companions. Second Frank Miller Edition.,4.72,100,94,94.0,0.0092,9.44
848,As a man thinketh,4.639,108,99,91.67,0.01,9.433
849,As a man thinketh (Little blue book),4.639,108,99,91.67,0.01,9.433
850,"Blood meridian, or, The evening redness in the west (Picador)",4.095,201,150,74.63,0.0186,9.43
851,Welcome to the Monkey House,4.433,134,118,88.06,0.0124,9.429
852,"Rabbit, Run",3.862,276,190,68.84,0.0255,9.428
853,The Moonstone (Young Readers' Lifetime Library Edition),4.231,169,141,83.43,0.0156,9.426
854,City of Bones,4.24,167,135,80.84,0.0154,9.423
855,"I, Claudius (Armed Services edition)",4.651,106,94,88.68,0.0098,9.42
856,Peace Like a River,4.232,168,136,80.95,0.0155,9.418
857,"A Connecticut Yankee in King Arthur's Court,",4.108,195,151,77.44,0.018,9.407
858,A Connecticut Yankee in King Arthur's Court (Mark Twain Library),4.108,195,151,77.44,0.018,9.407
859,A Connecticut Yankee in King Arthur's Court (Oxford World's Classics),4.108,195,151,77.44,0.018,9.407
860,Life On The Mississippi,4.108,195,151,77.44,0.018,9.407
861,Dry: A Memoir,4.401,137,119,86.86,0.0127,9.405
862,The wealth of nations,4.079,202,159,78.71,0.0187,9.404
863,An inquiry into the nature and causes of the wealth of nations (Everyman's library. Science),4.079,202,159,78.71,0.0187,9.404
864,The Moonstone (A Romance),4.211,171,141,82.46,0.0158,9.402
865,Moonstone,4.211,171,141,82.46,0.0158,9.402
866,"The Moonstone (Penguin Readers, Level 6)",4.211,171,141,82.46,0.0158,9.402
867,Life on the Mississippi (The 100 Greatest Masterpieces of American Literature),4.108,194,150,77.32,0.0179,9.399
868,Hound of the Baskervilles (Lrs Large Print Heritage Series),4.253,162,140,86.42,0.015,9.397
869,The Hound of the Baskervilles (Signet Classics),4.253,162,140,86.42,0.015,9.397
870,Life of the Mississippi,4.115,192,149,77.6,0.0178,9.395
871,The Road to Serfdom,4.575,113,101,89.38,0.0105,9.393
872,"Life on the Mississippi, (A Bantam Pathfinder)",4.109,193,149,77.2,0.0179,9.391
873,Cheaper By The Dozen,4.654,104,100,96.15,0.0096,9.387
874,Cheaper by the dozen,4.654,104,100,96.15,0.0096,9.387
875,Cheaper by the Dozen,4.654,104,100,96.15,0.0096,9.387
876,The Zimmerman Telegram,4.654,104,98,94.23,0.0096,9.387
877,An inquiry into the nature and causes of the wealth of nations (The Harvard Classics),4.075,201,158,78.61,0.0186,9.385
878,The Lion's Game,4.247,162,132,81.48,0.015,9.384
879,A Moveable Feast (Bantam Book),4.371,140,117,83.57,0.0129,9.382
880,The Sign of the Four,4.561,114,102,89.47,0.0105,9.382
881,"The legend of Sleepy Hollow,",4.043,209,155,74.16,0.0193,9.38
882,Atlantis Found,3.957,234,166,70.94,0.0216,9.376
883,Lucky Man,4.638,105,97,92.38,0.0097,9.374
884,Lucky Man: A Memoir,4.638,105,97,92.38,0.0097,9.374
885,Guilty Pleasures (Anita Blake Vampire Hunter Ser.),3.908,250,176,70.4,0.0231,9.371
886,Just So Stories,4.049,206,148,71.84,0.0191,9.368
887,Just So Stories for Little Children,4.049,206,148,71.84,0.0191,9.368
888,The Haunting of hill House,4.185,173,136,78.61,0.016,9.366
889,The haunting of Hill House,4.185,173,136,78.61,0.016,9.366
890,THE HAUNTING OF HILL HOUSE,4.185,173,136,78.61,0.016,9.366
891,THE VAMPIRE LESTAT,4.403,134,114,85.07,0.0124,9.366
892,The Selfish Gene,4.17,176,136,77.27,0.0163,9.365
893,The Plot Against America,3.867,264,182,68.94,0.0244,9.365
894,The Heart Is a Lonely Hunter,4.13,185,138,74.59,0.0171,9.363
895,"Portrait of the Artist As a Young Man (Modern Library, 145.1)",3.908,249,170,68.27,0.023,9.363
896,Archy and Mehitabel,4.828,87,87,100.0,0.008,9.363
897,A Portrait of the Artist As a Young Man by James Joyce,3.904,250,170,68.0,0.0231,9.362
898,The Moon Is a Harsh Mistress,4.279,154,126,81.82,0.0142,9.361
899,Black lamb and grey falcon: A journey through Yugoslavia,4.186,172,152,88.37,0.0159,9.358
900,The Reformed doctrine of predestination,4.629,105,99,94.29,0.0097,9.355
901,Anne of the Island,4.719,96,93,96.88,0.0089,9.354
902,"One Shot (Jack Reacher, No. 9)",4.291,151,130,86.09,0.014,9.351
903,"Walden: Or, Life in the Woods",4.227,163,128,78.53,0.0151,9.351
904,"Incidents in the Life of a Slave Girl, by Harriet A. Jacobs: A True Tale of Slavery, by John S. Jacobs",4.607,107,102,95.33,0.0099,9.35
905,Assassin's Apprentice,4.138,181,141,77.9,0.0167,9.343
906,Charlie and the Chocolate Factory,4.613,106,98,92.45,0.0098,9.343
907,"Walden : or, Life in the woods",4.228,162,127,78.4,0.015,9.343
908,Doomsday Book,4.173,173,136,78.61,0.016,9.34
909,The Long Walk,4.402,132,112,84.85,0.0122,9.334
910,"An inquiry into the nature and causes of the wealth of nations, (Bohn's standard library)",4.066,197,154,78.17,0.0182,9.329
911,Inquiry into the nature and causes of the wealth of nations,4.066,197,154,78.17,0.0182,9.329
912,"The velveteen rabbit;: Or, how toys become real",4.604,106,95,89.62,0.0098,9.324
913,Term Limits,4.108,186,144,77.42,0.0172,9.322
914,A room of one's own,4.394,132,114,86.36,0.0122,9.318
915,Brave New World Revisited,4.394,132,112,84.85,0.0122,9.318
916,Charlie and the Chocolate Factory:A Play,4.61,105,97,92.38,0.0097,9.317
917,OUT OF THE SILENT PLANET - The Perelandra Trilogy Book (1) One,4.31,145,119,82.07,0.0134,9.316
918,Out of the silent planet (Avon),4.31,145,119,82.07,0.0134,9.316
919,"The Captive (Remembrance of Things Past, 9)",4.814,86,82,95.35,0.008,9.313
920,The Complete Stories,4.673,98,88,89.8,0.0091,9.306
921,We Wish to Inform You that Tomorrow We Will Be Killed with our Families,4.705,95,93,97.89,0.0088,9.306
922,"ERAGON: INHERITANCE, BOOK ONE.",3.522,437,244,55.84,0.0404,9.299
923,The Winter of Our Discontent,4.284,148,128,86.49,0.0137,9.297
924,A Knight in Shining Armor,4.447,123,105,85.37,0.0114,9.294
925,Romeo and Juliet: The Cambridge Dover Wilson Shakespeare (The Cambridge Dover Wilson Shakespeare Series),4.03,202,152,75.25,0.0187,9.29
926,The tragedy of Romeo and Juliet (The Pelican Shakespeare),4.03,202,152,75.25,0.0187,9.29
927,"The tragedy of Romeo and Juliet, (The Tudor Shakespeare)",4.03,202,152,75.25,0.0187,9.29
928,Winter of Our Discontent,4.286,147,127,86.39,0.0136,9.289
929,NEW EARTH,3.981,215,151,70.23,0.0199,9.286
930,Tale of Despereaux,4.504,115,101,87.83,0.0106,9.282
931,Separate Peace,3.862,253,181,71.54,0.0234,9.28
932,A separate peace;: A novel,3.862,253,181,71.54,0.0234,9.28
933,A Separate Peace,3.862,253,181,71.54,0.0234,9.28
934,A separate peace,3.862,253,181,71.54,0.0234,9.28
935,"Star Wars, Episode III - Revenge of the Sith",4.471,119,106,89.08,0.011,9.279
936,Brideshead Revisited: The Sacred and Profane Memories of Captain Charles Ryder,4.443,122,106,86.89,0.0113,9.269
937,Left to Tell: Discovering God Amidst The Rwandan Holocaust,4.753,89,84,94.38,0.0082,9.265
938,Little Lord Fauntleroy,3.963,217,157,72.35,0.0201,9.26
939,Brideshead revisited: The sacred and profane memories of Captain Charles Ryder,4.431,123,106,86.18,0.0114,9.26
940,The Devil's Dictionary,4.176,165,132,80.0,0.0153,9.26
941,Katherine,4.518,112,98,87.5,0.0104,9.258
942,"The Fabric of the Cosmos: Space, Time, and the Texture of Reality",4.5,114,105,92.11,0.0105,9.256
943,An inquiry into the nature and causes of the wealth of nations (The Harvard classics),4.099,181,145,80.11,0.0167,9.255
944,Gettysburg,4.541,109,99,90.83,0.0101,9.253
945,Flush,4.364,132,117,88.64,0.0122,9.253
946,Oryx and Crake,3.99,208,152,73.08,0.0192,9.25
947,Northanger Abbey: A novel (The select library of fiction),4.17,165,135,81.82,0.0153,9.246
948,Brideshead revisited: The sacred and profane memories of Captain Charles Ryder (The Albatross modern continental library),4.438,121,105,86.78,0.0112,9.243
949,"Master of the Senate: the Years of LBJ, Vol. III",4.788,85,83,97.65,0.0079,9.239
950,Sources and extent of groundwater contamination (AG),4.788,85,83,97.65,0.0079,9.239
951,Amber Spyglass (10th Anniversary Ed),3.876,241,159,65.98,0.0223,9.232
952,O is for Outlaw: A Kinsey Millhone Mystery,4.157,166,132,79.52,0.0154,9.228
953,2001: A Space Odyssey,4.386,127,112,88.19,0.0117,9.227
954,Northanger abbey (In her Pride and prejudice and Northanger abbey),4.165,164,134,81.71,0.0152,9.224
955,Northanger abbey: A novel,4.165,164,134,81.71,0.0152,9.224
956,Northanger abbey (The World's classics),4.165,164,134,81.71,0.0152,9.224
957,Gilead,4.031,194,140,72.16,0.0179,9.222
958,Prey,3.581,375,215,57.33,0.0347,9.218
959,THE PHANTOM OF THE OPERA,4.314,137,113,82.48,0.0127,9.218
960,The Little Black Sambo story book,4.077,182,139,76.37,0.0168,9.214
961,Saving Grace,4.407,123,105,85.37,0.0114,9.209
962,"An Army At Dawn: [The War in North Africa, 1942-1943]",4.594,101,91,90.1,0.0093,9.208
963,Creepers,3.686,315,204,64.76,0.0291,9.208
964,Black Boy : A Record of Childhood and Youth,4.295,139,112,80.58,0.0129,9.204
965,Black Boy CD,4.295,139,112,80.58,0.0129,9.204
966,"Black Boy (Signet, T2341)",4.295,139,112,80.58,0.0129,9.204
967,Black Boy - A Record of Childhood and Youth,4.295,139,112,80.58,0.0129,9.204
968,Jingo,4.573,103,91,88.35,0.0095,9.204
969,Black Boy: A Record of Childhood and Youth,4.295,139,112,80.58,0.0129,9.204
970,An American tragedy,4.264,144,120,83.33,0.0133,9.203
971,An American Tragedy,4.264,144,120,83.33,0.0133,9.203
972,Of Human Bondage [UNABRIDGED] (Classic Books on Cassettes Collection),4.474,114,98,85.96,0.0105,9.202
973,Of Human Bondage,4.474,114,98,85.96,0.0105,9.202
974,Enchantment,4.145,166,124,74.7,0.0154,9.201
975,The Ultimate Competitive Advantage: Secrets of Continually Developing a More Profitable Business Model,4.756,86,82,95.35,0.008,9.2
976,Homage to Catalonia,4.66,94,89,94.68,0.0087,9.194
977,Homage to Catalonia (Library Edition),4.66,94,89,94.68,0.0087,9.194
978,Journey to the Centre of the Earth,4.145,165,131,79.39,0.0153,9.192
979,THE BLACK ECHO.,4.277,141,119,84.4,0.013,9.191
980,Tarzan of the Apes (Vol 1),4.5,110,100,90.91,0.0102,9.186
981,Cotillion,4.482,112,98,87.5,0.0104,9.185
982,Mansfield Park,4.194,155,124,80.0,0.0143,9.185
983,Mansfield Park (A Watts Ultratype Edition),4.194,155,124,80.0,0.0143,9.185
984,Mansfield Park (Coles Notes),4.194,155,124,80.0,0.0143,9.185
985,The Corrections,3.582,366,221,60.38,0.0339,9.182
986,The Bluest Eye,4.125,168,131,77.98,0.0155,9.179
987,The Bluest Eye (G K Hall Large Print Book Series),4.125,168,131,77.98,0.0155,9.179
988,The Dragon Reborn: Book Three of The Wheel of Time,4.178,157,128,81.53,0.0145,9.175
989,"The Duke and I (Bridgerton Series, Book 1)",4.436,117,100,85.47,0.0108,9.174
990,Earth abides,4.021,191,140,73.3,0.0177,9.172
991,The Talisman,4.292,137,114,83.21,0.0127,9.171
992,Lord of Light (Avon N187),4.625,96,85,88.54,0.0089,9.168
993,On Liberty,4.196,153,123,80.39,0.0142,9.167
994,The Way of All Flesh,4.086,175,130,74.29,0.0162,9.164
995,The Dragon Reborn: Book Three of 'The Wheel of Time',4.172,157,128,81.53,0.0145,9.161
996,The Boleyn Inheritance,4.46,113,100,88.5,0.0105,9.157
997,1st to Die: A Novel,3.789,261,174,66.67,0.0241,9.157
998,The Curse Of Chalion,4.559,102,92,90.2,0.0094,9.157
999,The Girl Who Loved Tom Gordon,3.882,228,154,67.54,0.0211,9.153
1000,Leaves of Grass (The Illustrated Modern Library),4.275,138,111,80.43,0.0128,9.149
1001,Leaves of Grass (Leather Bound) (The 100 Greatest Books Ever Written),4.275,138,111,80.43,0.0128,9.149
1002,Player piano,4.12,166,136,81.93,0.0154,9.148
1003,Memory in Death (In Death #22),4.464,112,100,89.29,0.0104,9.148
1004,"Uglies (Uglies Trilogy, Book 1)",4.255,141,115,81.56,0.013,9.146
1005,To the Nines,4.435,115,99,86.09,0.0106,9.139
1006,The Reader,3.806,252,171,67.86,0.0233,9.139
1007,The true believer: Thoughts on the nature of mass movements (Time reading program special edition),4.652,92,84,91.3,0.0085,9.136
1008,The True Believer Thoughts on the Nature of Mass Movements,4.652,92,84,91.3,0.0085,9.136
1009,Gulliver's Travels Into Several Remote Nations of the World,4.326,129,104,80.62,0.0119,9.13
1010,Gulliver's Travels...Illustrated Junior Classics,4.326,129,104,80.62,0.0119,9.13
1011,Guilliver's Travels.,4.326,129,104,80.62,0.0119,9.13
1012,"Gulliver's travels into several remote nations of the world,",4.326,129,104,80.62,0.0119,9.13
1013,Helter Skelter,4.604,96,90,93.75,0.0089,9.127
1014,Helter Skelter: The True Story of the Manson Murders,4.604,96,90,93.75,0.0089,9.127
1015,The Spy Who Came In From the Cold,4.582,98,90,91.84,0.0091,9.123
1016,The Spy Who Came In From The Cold,4.582,98,90,91.84,0.0091,9.123
1017,The Sound and the Fury,4.108,166,123,74.1,0.0154,9.121
1018,"LAST COYOTE (HARRY BOSCH, NO 4)",4.611,95,90,94.74,0.0088,9.118
1019,Too Much of a Good Thing,4.481,108,98,90.74,0.01,9.113
1020,An Infamous Army,4.222,144,108,75.0,0.0133,9.113
1021,STEPHEN HAWKING'S A BRIEF HISTORY OF TIME,4.252,139,111,79.86,0.0129,9.112
1022,Shakespeare's Macbeth,4.674,89,83,93.26,0.0082,9.112
1023,"Macbeth,",4.674,89,83,93.26,0.0082,9.112
1024,Two years before the mast: A personal narrative,4.446,112,98,87.5,0.0104,9.112
1025,The House of Mirth (The Best Sellers of 1905),4.446,112,97,86.61,0.0104,9.112
1026,Brief History of Time: From the Big Bang to Black Holes (G K Hall Large Print Book Series),4.252,139,111,79.86,0.0129,9.112
1027,Pope Joan,4.252,139,113,81.29,0.0129,9.112
1028,The House of Mirth,4.446,112,97,86.61,0.0104,9.112
1029,the story of ferdinand,4.89,73,72,98.63,0.0068,9.112
1030,"I, Robot",4.232,142,113,79.58,0.0131,9.109
1031,"I, ROBOT",4.232,142,113,79.58,0.0131,9.109
1032,The Color of Magic,4.117,163,126,77.3,0.0151,9.107
1033,Colour Of Magic,4.117,163,126,77.3,0.0151,9.107
1034,Gaudy Night,4.274,135,110,81.48,0.0125,9.105
1035,Blood and Thunder: An Epic of the American West,4.756,82,78,95.12,0.0076,9.102
1036,The Scarlet Pimpernel,4.361,122,100,81.97,0.0113,9.098
1037,Key of Valor (Key Trilogy),4.529,102,86,84.31,0.0094,9.098
1038,Jolie Blon's Bounce,4.455,110,100,90.91,0.0102,9.093
1039,Out,4.156,154,128,83.12,0.0142,9.091
1040,The Caine Mutiny: A Novel Of World War II,4.698,86,81,94.19,0.008,9.088
1041,The Caine Mutiny,4.698,86,81,94.19,0.008,9.088
1042,The Caine Mutiny A Novel of World War One,4.698,86,81,94.19,0.008,9.088
1043,The Caine mutiny,4.698,86,81,94.19,0.008,9.088
1044,The Caine Mutiny: A Novel of World War II,4.698,86,81,94.19,0.008,9.088
1045,Moon Tiger,4.583,96,88,91.67,0.0089,9.085
1046,Sphere,4.227,141,110,78.01,0.013,9.085
1047,THE TRAGEDIE OF MACBETH,4.67,88,82,93.18,0.0081,9.082
1048,"The self-publishing manual: How to write, print & sell your own book",4.67,88,80,90.91,0.0081,9.082
1049,Shopaholic & Sister,3.803,244,158,64.75,0.0226,9.08
1050,The electric kool-aid acid test,4.218,142,113,79.58,0.0131,9.079
1051,The Last Juror,3.865,223,152,68.16,0.0206,9.077
1052,Bury My Heart at Wounded Knee: An Indian History of the American West,4.62,92,80,86.96,0.0085,9.072
1053,Little House on the Prairie (Little House-the Laura Years),4.545,99,88,88.89,0.0092,9.071
1054,Double Indemnity,4.551,98,96,97.96,0.0091,9.062
1055,The Given Day,4.307,127,104,81.89,0.0117,9.061
1056,Catch Me If You Can: The Amazing True Story of the Youngest and Most Daring Con Man in the History of Fun and Profit,4.221,140,116,82.86,0.0129,9.06
1057,Lightning (Turtleback School & Library Binding Edition),4.472,106,95,89.62,0.0098,9.057
1058,The Forsythe Saga,4.633,90,84,93.33,0.0083,9.055
1059,Master and Commander,4.144,153,116,75.82,0.0142,9.053
1060,"Friday Night Lights A Town, A Team and a Dream",4.515,101,91,90.1,0.0093,9.049
1061,Shakespeare's Macbeth; (Macmillan's English classics),4.674,86,80,93.02,0.008,9.043
1062,Beloved,3.921,202,135,66.83,0.0187,9.039
1063,Toni Morrison's Beloved (Modern Critical Interpretations),3.921,202,135,66.83,0.0187,9.039
1064,Newjack: Guarding Sing Sing,4.444,108,98,90.74,0.01,9.037
1065,Man Who Was Thursday a Nightmare,4.339,121,96,79.34,0.0112,9.037
1066,The Screwtape letters & Screwtape proposes a toast (Time reading program special edition),4.759,79,78,98.73,0.0073,9.032
1067,The Dead Zone,4.505,101,89,88.12,0.0093,9.029
1068,A Breath of Snow and Ashes (Outlander),4.431,109,96,88.07,0.0101,9.028
1069,Citizen Soldiers,4.581,93,87,93.55,0.0086,9.017
1070,Silas Marner (audio-CD),4.109,156,122,78.21,0.0144,9.011
1071,Silas Marner (Classic Collection (Brilliance Audio)),4.109,156,122,78.21,0.0144,9.011
1072,Silas Marner (New Windmill),4.109,156,122,78.21,0.0144,9.011
1073,"Silas Marner,: The weaver of Raveloe, (The Academy series of English classics)",4.109,156,122,78.21,0.0144,9.011
1074,Silas Marner (The Classic Collection),4.109,156,122,78.21,0.0144,9.011
1075,"Hunting for Hidden Gold (Hardy Boys, Book 5)",4.611,90,85,94.44,0.0083,9.011
1076,Suzannes Diary For Nicholas,3.915,200,147,73.5,0.0185,9.009
1077,The Master & Margarita,4.564,94,83,88.3,0.0087,9.005
1078,The Sword in the Stone,4.061,165,120,72.73,0.0153,9.004
1079,The heart of the matter (Heron books),4.618,89,82,92.13,0.0082,9.002
1080,The Heart of the Matter (Home Repair Is Homicide Mysteries),4.618,89,82,92.13,0.0082,9.002
1081,Wolves of the Calla: Dark Tower V,4.067,163,122,74.85,0.0151,8.998
1082,Where the Sidewalk Ends: Poems and Drawings,4.925,67,67,100.0,0.0062,8.994
1083,"Silas Marner,: The weaver of Raveloe,",4.11,154,120,77.92,0.0142,8.992
1084,Dubliners (Dover Large Print Classics),4.526,97,86,88.66,0.009,8.992
1085,"Silas Marner,: The weaver of Raveloe (Rinehart editions)",4.11,154,120,77.92,0.0142,8.992
1086,Night Shift (Signet),4.505,99,90,90.91,0.0092,8.99
1087,V for vendetta,4.448,105,94,89.52,0.0097,8.989
1088,"Crucible, The",4.448,105,93,88.57,0.0097,8.989
1089,A Little Princess,4.695,82,77,93.9,0.0076,8.986
1090,In dubious battle,4.368,114,96,84.21,0.0105,8.985
1091,The bridge of San Luis Rey,4.186,140,112,80.0,0.0129,8.983
1092,Last Train to Paradise: Henry Flagler and the Spectacular Rise and Fall of the Railroad that Crossed an Ocean,4.29,124,100,80.65,0.0115,8.981
1093,Visions in Death (In Death #19),4.434,106,92,86.79,0.0098,8.98
1094,Tears of the Giraffe: More from the No. 1 Ladies' Detective Agency,4.582,91,84,92.31,0.0084,8.977
1095,Call It Courage,3.967,183,132,72.13,0.0169,8.976
1096,"A Hunger Like No Other (Immortals After Dark, Book 1)",4.317,120,101,84.17,0.0111,8.975
1097,Big Sleep,4.331,118,103,87.29,0.0109,8.972
1098,Blood of the Fold (Sword of Truth Series),3.978,180,130,72.22,0.0166,8.971
1099,One Fish two fish red fish blue fish (Beginner Book),4.614,88,79,89.77,0.0081,8.971
1100,"One fish, two fish, red fish, blue fish (I can read it all by myself)",4.614,88,79,89.77,0.0081,8.971
1101,Black Like Me,4.675,83,79,95.18,0.0077,8.971
1102,Balzac and the Little Chinese Seamstress,4.144,146,119,81.51,0.0135,8.969
1103,Polar Express,4.753,77,73,94.81,0.0071,8.967
1104,The Gods of Mars,4.12,150,126,84.0,0.0139,8.965
1105,The Republic of Plato,4.407,108,92,85.19,0.01,8.962
1106,"The Plague (Modern Library, 109.2)",4.348,115,96,83.48,0.0106,8.96
1107,The plague,4.348,115,96,83.48,0.0106,8.96
1108,Beau Geste,4.171,140,112,80.0,0.0129,8.952
1109,Second Foundation [Paperback],4.505,97,83,85.57,0.009,8.951
1110,Casino Royale (Bull's-eye),4.2,135,111,82.22,0.0125,8.947
1111,Mother night (Bard books),4.7,80,77,96.25,0.0074,8.945
1112,"Silas Marner, the weaver of Raveloe",4.099,152,118,77.63,0.0141,8.943
1113,Bridge to Terabithia,4.433,104,88,84.62,0.0096,8.941
1114,Lorna Doone: A romance of Exmoor,4.643,84,78,92.86,0.0078,8.934
1115,"The Brothers Karamazov (Great Books of the Western World, Vol. 52)",4.419,105,89,84.76,0.0097,8.932
1116,"The brothers Karamazov (Great books of the Western World, v. 52)",4.419,105,89,84.76,0.0097,8.932
1117,The Brothers Karamazov (A Signet Classic CT33),4.419,105,89,84.76,0.0097,8.932
1118,The Brothers Karamazov: A Modern Library Book (No. 151),4.419,105,89,84.76,0.0097,8.932
1119,Victory,4.174,138,108,78.26,0.0128,8.932
1120,Through a Glass Darkly,4.193,135,105,77.78,0.0125,8.932
1121,The brothers Karamazov (Barnes & Noble classics),4.419,105,89,84.76,0.0097,8.932
1122,A Darkness More Than Night,4.099,151,115,76.16,0.014,8.932
1123,Frederica,4.679,81,74,91.36,0.0075,8.93
1124,"Orthodoxy,",4.616,86,79,91.86,0.008,8.93
1125,Paris 1919: Six Months That Changed the World,4.475,99,89,89.9,0.0092,8.93
1126,Orthodoxy (Unicorn Books),4.616,86,79,91.86,0.008,8.93
1127,Dress Your Family in Corduroy and Denim,4.092,152,118,77.63,0.0141,8.928
1128,The Shadow Rising: Book Four of The Wheel of Time,4.165,139,108,77.7,0.0129,8.927
1129,Jurgen,4.591,88,80,90.91,0.0081,8.927
1130,Shadow Rising (Turtleback School & Library Binding Edition) (Wheel of Time (Pb)),4.165,139,108,77.7,0.0129,8.927
1131,The white company,4.441,102,87,85.29,0.0094,8.921
1132,Casino Royale,4.194,134,110,82.09,0.0124,8.921
1133,Lady Chatterly's Lover,3.703,256,158,61.72,0.0237,8.918
1134,Reunion in Death (In Death #14),4.659,82,80,97.56,0.0076,8.916
1135,Bend in the Road,4.205,132,106,80.3,0.0122,8.916
1136,Like Water for Chocolate,4.086,152,120,78.95,0.0141,8.914
1137,"Like Water for Chocolate: a novel in monthly installments, withrecipes, romances, and home remedies",4.086,152,120,78.95,0.0141,8.914
1138,"Like Water for Chocolate: A Novel in Monthly Installments, With Recipes, Romances, and Home Remedies",4.086,152,120,78.95,0.0141,8.914
1139,Contact : a novel,4.427,103,91,88.35,0.0095,8.911
1140,"The age of reason;: Being an investigation of true and fabulous theology, (Regan handbook series)",4.485,97,84,86.6,0.009,8.91
1141,The age of reason,4.485,97,84,86.6,0.009,8.91
1142,The Age of Reason (Being an Investigation of True and Fabulous Theology),4.485,97,84,86.6,0.009,8.91
1143,Age of Reason : Being an Investigation of True and Fabulous Theology,4.485,97,84,86.6,0.009,8.91
1144,The Age of Reason: Being an Investigation of True and Fabulous Theology,4.485,97,84,86.6,0.009,8.91
1145,The age of reason: being an investigation of true and fabulous theology,4.485,97,84,86.6,0.009,8.91
1146,The age of reason;: Being an investigation of true and fabulous theology,4.485,97,84,86.6,0.009,8.91
1147,Walden Two,3.854,205,140,68.29,0.019,8.909
1148,"Farewell, my lovely",4.364,110,102,92.73,0.0102,8.908
1149,Sister Carrie: A novel,3.754,236,164,69.49,0.0218,8.908
1150,Flowers In The Attic,4.283,120,100,83.33,0.0111,8.906
1151,The Left Hand of Darkness,4.297,118,100,84.75,0.0109,8.902
1152,Protector,4.351,111,99,89.19,0.0103,8.9
1153,"Liberal Fascism: The Secret History of the American Left, From Mussolini to the Politics of Meaning",3.994,169,126,74.56,0.0156,8.898
1154,The Power of Your Subconscious Mind,4.586,87,78,89.66,0.008,8.895
1155,"The Velveteen Rabbit, Or, How Toys Become Real.",4.586,87,78,89.66,0.008,8.895
1156,A Bend in the Road,4.198,131,105,80.15,0.0121,8.889
1157,"Persuader (Jack Reacher, No. 7)",4.275,120,102,85.0,0.0111,8.888
1158,The Mysterious Island (Classics Illustrated),4.37,108,92,85.19,0.01,8.887
1159,48 Laws of Power,4.103,146,112,76.71,0.0135,8.88
1160,My Life,3.751,233,151,64.81,0.0216,8.88
1161,The Double Helix: A Personal Account of the Discovery of the Structure of DNA,4.038,158,122,77.22,0.0146,8.878
1162,"The Red Badge of Courage (Lake Illustrated Classics, Collection 1)",3.965,173,126,72.83,0.016,8.875
1163,THE RED BADGE OF COURAGE: AN EPISODE OF THE AMERICAN CIVIL WAR.,3.965,173,126,72.83,0.016,8.875
1164,"GALILEO'S DAUGHTER. A Historical Memoir of Science, Faith and Love.",4.172,134,105,78.36,0.0124,8.874
1165,RENDEZVOUS WITH RAMA,4.291,117,97,82.91,0.0108,8.874
1166,THE CHOSEN,4.575,87,79,90.8,0.008,8.873
1167,Roots -,4.662,80,74,92.5,0.0074,8.873
1168,Roots,4.662,80,74,92.5,0.0074,8.873
1169,"Wizard's First Rule (Sword of Truth, Book 1)",3.558,312,186,59.62,0.0289,8.873
1170,The Chosen,4.575,87,79,90.8,0.008,8.873
1171,Red Storm Rising,4.408,103,86,83.5,0.0095,8.872
1172,Anyone But You,4.267,120,96,80.0,0.0111,8.871
1173,Howl's Moving Castle,4.505,93,87,93.55,0.0086,8.869
1174,The Bone Collector (Lincoln Rhyme Novels),4.505,93,82,88.17,0.0086,8.869
1175,"The path between the seas : the creation of the Panama Canal, 1870-1914",4.701,77,75,97.4,0.0071,8.869
1176,Flowers in the Attic,4.256,121,100,82.64,0.0112,8.865
1177,How to Stop Worrying and Start Living,4.671,79,74,93.67,0.0073,8.864
1178,Ethan Frome,4.129,140,110,78.57,0.0129,8.86
1179,God of Small Things 1ST Edition Us,3.908,185,124,67.03,0.0171,8.86
1180,Fried Green Tomatoes at the Whistle Stop Cafe Fried Green Tomatoes at the Whistle Stop Cafe,4.614,83,78,93.98,0.0077,8.856
1181,Neuromancer,3.884,190,129,67.89,0.0176,8.851
1182,Six Days of War: June 1967 and the Making of the Modern Middle East,4.563,87,82,94.25,0.008,8.85
1183,The once and future king (A laurel edition),4.434,99,87,87.88,0.0092,8.849
1184,The Once and Future King,4.434,99,87,87.88,0.0092,8.849
1185,Hinds' Feet on High Places,4.65,80,76,95.0,0.0074,8.849
1186,All the Pretty Horses,4.271,118,101,85.59,0.0109,8.849
1187,Birthright,4.147,136,106,77.94,0.0126,8.848
1188,Alaska,4.595,84,80,95.24,0.0078,8.843
1189,Left Behind - A Novel Of The Earth's Last Days,3.469,354,207,58.47,0.0327,8.842
1190,Red Storm Rising (Turtleback School & Library Binding Edition),4.402,102,85,83.33,0.0094,8.842
1191,Roots : The Saga of an American Family,4.658,79,73,92.41,0.0073,8.84
1192,Awaken The Giant Within (CD),4.312,112,93,83.04,0.0104,8.837
1193,Stone of Tears (Sword of Truth Series),4.013,159,119,74.84,0.0147,8.833
1194,Stone Of Tears (Turtleback School & Library Binding Edition) (Sword of Truth),4.013,159,119,74.84,0.0147,8.833
1195,Stone of Tears: A Sword of Truth Novel (Sword Of Truth),4.013,159,119,74.84,0.0147,8.833
1196,The Complete Far Side Leather-Bound Set [Signed Limited Edition],4.891,64,62,96.88,0.0059,8.833
1197,Magical Thinking: True Stories,3.943,174,126,72.41,0.0161,8.833
1198,"The China Study: The Most Comprehensive Study of Nutrition Ever Conducted and the Startling Implications for Diet, Weight Loss and Long-term Health",4.315,111,92,82.88,0.0103,8.826
1199,Personal Memoirs of U.S. Grant (2 Volumes),4.797,69,67,97.1,0.0064,8.821
1200,Personal Memoirs,4.797,69,67,97.1,0.0064,8.821
1201,Personal memoirs of Ulysses S. Grant (Great commanders),4.797,69,67,97.1,0.0064,8.821
1202,Personal Memoirs of Ulysses S. Grant,4.797,69,67,97.1,0.0064,8.821
1203,Little Earthquakes : A Novel (Washington Square Press),4.41,100,86,86.0,0.0092,8.82
1204,The crying of lot 49,3.764,220,144,65.45,0.0203,8.816
1205,White Fang,4.534,88,81,92.05,0.0081,8.816
1206,Mythology,4.318,110,93,84.55,0.0102,8.815
1207,The Boys of Summer,4.617,81,73,90.12,0.0075,8.812
1208,The Neverending Story,4.565,85,77,90.59,0.0079,8.807
1209,"Redwall: Redwall, Book 1",4.365,104,86,82.69,0.0096,8.805
1210,Queen of the Damned (Book 3 of Vampire Chronicles),4.152,132,103,78.03,0.0122,8.804
1211,Peter the Great (His Life and World),4.771,70,68,97.14,0.0065,8.804
1212,The queen of the damned (Vampire chronicles),4.152,132,103,78.03,0.0122,8.804
1213,The Queen of the Damned (The Vampire Chronicles),4.152,132,103,78.03,0.0122,8.804
1214,1001 Ways to Market Your Books: For Authors and Publishers (Book Marketing Series),4.625,80,73,91.25,0.0074,8.802
1215,Lieutenant Hornblower,4.625,80,76,95.0,0.0074,8.802
1216,Motherless Brooklyn,4.211,123,97,78.86,0.0114,8.801
1217,Deep South,4.4,100,86,86.0,0.0092,8.8
1218,The Natural,3.981,162,117,72.22,0.015,8.797
1219,Maus a Survivors Tale (2 Volume Set),4.571,84,76,90.48,0.0078,8.797
1220,Paradise,4.223,121,94,77.69,0.0112,8.796
1221,Jungle (Pacemaker Classic Series),4.069,145,110,75.86,0.0134,8.795
1222,Ancestors Tale a Pilgrimage To the Da,4.478,92,78,84.78,0.0085,8.794
1223,"Why revival tarries,",4.966,59,59,100.0,0.0055,8.794
1224,What Is the What,4.5,90,79,87.78,0.0083,8.794
1225,Why Revival Tarries,4.966,59,59,100.0,0.0055,8.794
1226,The Know-It-All: One Man's Humble Quest To Become The Smartest Person In The World,4.192,125,104,83.2,0.0116,8.79
1227,The Color Purple,4.34,106,89,83.96,0.0098,8.789
1228,"Circus Of The Damned (Anita Blake, Vampire Hunter)",4.423,97,82,84.54,0.009,8.787
1229,Blood Work,4.272,114,98,85.96,0.0105,8.787
1230,Geoffrey Chaucer (Bloomsbury Poetry Classics),4.163,129,101,78.29,0.0119,8.786
1231,Canterbury Tales (New Method Supplementary Readers),4.163,129,101,78.29,0.0119,8.786
1232,The Canterbury Tales (Bantam Classics),4.163,129,101,78.29,0.0119,8.786
1233,The Odessa File,4.553,85,83,97.65,0.0079,8.785
1234,The Book of Three,4.529,87,78,89.66,0.008,8.784
1235,Kon-Tiki: Across the Pacific in a Raft,4.641,78,72,92.31,0.0072,8.781
1236,Kon-tiki: Across the Pacific by raft (A Keith Jennison book),4.641,78,72,92.31,0.0072,8.781
1237,Kon Tiki: Across The Pacific by Raft,4.641,78,72,92.31,0.0072,8.781
1238,The Wailing Wind,4.194,124,102,82.26,0.0115,8.779
1239,THE STORY OF THE TRAPP FAMILY SINGERS,4.757,70,69,98.57,0.0065,8.777
1240,The Making of the President 1960,4.68,75,72,96.0,0.0069,8.775
1241,"Darkness, Take My Hand (Patrick Kenzie and Angela Gennaro)",4.447,94,82,87.23,0.0087,8.774
1242,The book of three,4.535,86,77,89.53,0.008,8.773
1243,Oliver Wiswell,4.722,72,72,100.0,0.0067,8.771
1244,Matilda CD,4.722,72,67,93.06,0.0067,8.771
1245,The Jungle,4.062,144,109,75.69,0.0133,8.768
1246,A Quiet Strength (Prairie Legacy Series #3),4.818,66,66,100.0,0.0061,8.767
1247,Tea Rose,4.412,97,81,83.51,0.009,8.766
1248,The Egyptian,4.658,76,70,92.11,0.007,8.761
1249,The Light of Western Stars,4.38,100,88,88.0,0.0092,8.76
1250,A Time to Kill (John Grisham),4.291,110,91,82.73,0.0102,8.759
1251,Innocent,4.086,139,108,77.7,0.0129,8.757
1252,The Good German,3.761,213,132,61.97,0.0197,8.756
1253,"In This Mountain (The Mitford Years, Book 7)",4.548,84,72,85.71,0.0078,8.751
1254,The Last Kingdom (The Saxon Chronicles Series #1),4.384,99,85,85.86,0.0092,8.749
1255,Congo,3.816,196,134,68.37,0.0181,8.748
1256,No Ordinary Time: Franklin and Eleanor Roosevelt: The Home Front in World War II,4.636,77,71,92.21,0.0071,8.746
1257,Push: A Novel,4.13,131,104,79.39,0.0121,8.744
1258,The Winter's Tale,4.353,102,84,82.35,0.0094,8.743
1259,Bringing Down the House: The Inside Story of Six M.I.T. Students Who Took Vegas for Millions,4.007,152,114,75.0,0.0141,8.742
1260,MIDNIGHT'S CHILDREN,4.148,128,96,75.0,0.0118,8.742
1261,Fingersmith,4.441,93,79,84.95,0.0086,8.742
1262,The Renegades of Pern (Dragonriders of Pern Series),4.027,148,112,75.68,0.0137,8.74
1263,The Way of Zen,4.676,74,70,94.59,0.0068,8.74
1264,Night Watch: Discworld #27,4.676,74,70,94.59,0.0068,8.74
1265,Perelandra: A Novel,4.529,85,77,90.59,0.0079,8.739
1266,"Perelandra, a novel",4.529,85,77,90.59,0.0079,8.739
1267,"Prince Caspian (Chronicles of Narnia, 2)",4.257,113,92,81.42,0.0105,8.739
1268,The Life & Opinions of Tristram Shandy,4.121,132,98,74.24,0.0122,8.739
1269,Prince Caspian (Radio Theatre),4.257,113,92,81.42,0.0105,8.739
1270,Prince Caspian : The Return to Narnia,4.257,113,92,81.42,0.0105,8.739
1271,The Sunne in Splendour,4.803,66,62,93.94,0.0061,8.739
1272,prince caspian: the return to narnia,4.257,113,92,81.42,0.0105,8.739
1273,The Coming Of Conan The Cimmerian,4.765,68,65,95.59,0.0063,8.731
1274,The Bonfire of The Vanities,4.284,109,93,85.32,0.0101,8.729
1275,The Five Dysfunctions of a Team: A Leadership Fable,4.472,89,80,89.89,0.0082,8.717
1276,All Things Wise and Wonderful,4.739,69,66,95.65,0.0064,8.715
1277,Midnight's children,4.142,127,95,74.8,0.0117,8.713
1278,Everyman's Library #217: Midnight's Children,4.142,127,95,74.8,0.0117,8.713
1279,Midnight's Children,4.142,127,95,74.8,0.0117,8.713
1280,Ramona: A story,4.161,124,100,80.65,0.0115,8.711
1281,The Mayor of Casterbridge (Signet Classical Books),4.25,112,95,84.82,0.0104,8.709
1282,Life and Death of the Mayor of Casterbridge (New Wessex editions),4.25,112,95,84.82,0.0104,8.709
1283,The Hunt for RED OCTOBER,4.203,118,94,79.66,0.0109,8.709
1284,The Hunt for Red October,4.203,118,94,79.66,0.0109,8.709
1285,"Mayor of Casterbridge, the",4.25,112,95,84.82,0.0104,8.709
1286,"Mayor of Casterbridge (Modern Library, No 17)",4.25,112,95,84.82,0.0104,8.709
1287,The life and death of the mayor of Casterbridge;: The story of a man of character (The Riverside literature series),4.25,112,95,84.82,0.0104,8.709
1288,The Mayor of Casterbridge (Signet classics),4.25,112,95,84.82,0.0104,8.709
1289,Neither Here Nor There,3.895,172,124,72.09,0.0159,8.708
1290,The Day Of The Triffids,4.4,95,83,87.37,0.0088,8.702
1291,THE DAY OF THE TRIFFIDS,4.4,95,83,87.37,0.0088,8.702
1292,NEEDFUL THINGS,4.4,95,81,85.26,0.0088,8.702
1293,Naked Lunch,3.838,185,120,64.86,0.0171,8.701
1294,Bloodsucking Fiends: A Love Story,4.305,105,95,90.48,0.0097,8.701
1295,The Dark Tower VII,3.71,221,139,62.9,0.0204,8.699
1296,The island of Dr. Moreau (Ballantine books),4.266,109,91,83.49,0.0101,8.692
1297,Island of Dr. Moreau (Horror Classics),4.266,109,91,83.49,0.0101,8.692
1298,Magic Kingdom for Sale - Sold! (Landover Series),4.125,128,98,76.56,0.0118,8.692
1299,"A Feast for Crows (A Song of Ice and Fire, Book Four)",3.466,322,166,51.55,0.0298,8.692
1300,The Island Of Dr.Moreau,4.266,109,91,83.49,0.0101,8.692
1301,Hard Eight,4.043,141,100,70.92,0.013,8.688
1302,This Present Darkness (Turtleback School & Library Binding Edition),4.618,76,71,93.42,0.007,8.686
1303,This Present Darkness (G K Hall Large Print Book Series),4.618,76,71,93.42,0.007,8.686
1304,Independent People: An Epic,4.444,90,74,82.22,0.0083,8.686
1305,"Absalom, Absalom! (The Modern library of the world's best books, 271)",4.562,80,70,87.5,0.0074,8.683
1306,The History of Love,3.915,165,111,67.27,0.0153,8.682
1307,MYTHOLOGY.,4.311,103,86,83.5,0.0095,8.677
1308,The Razor's Edge: A Novel,4.357,98,85,86.73,0.0091,8.676
1309,The Razor's Edge (Armed Services Edition),4.357,98,85,86.73,0.0091,8.676
1310,Blessings,3.926,162,114,70.37,0.015,8.674
1311,"And Never Let Her Go: Thomas Capano, the Deadly Seducer",4.283,106,82,77.36,0.0098,8.674
1312,Native Son (G K Hall Large Print Book Series),4.471,87,77,88.51,0.008,8.672
1313,The Art of Happiness,4.327,101,85,84.16,0.0093,8.672
1314,The Truth: Discworld #25,4.7,70,68,97.14,0.0065,8.672
1315,Moloka'i,4.518,83,76,91.57,0.0077,8.671
1316,Emily of New Moon,4.667,72,66,91.67,0.0067,8.668
1317,The Valley of Horses (Earth's Children Series),4.051,138,105,76.09,0.0128,8.668
1318,The Mayor of Casterbridge. The Life and Death of a Man of Character.,4.245,110,93,84.55,0.0102,8.667
1319,THE LIFE AND DEATH OF THE MAYOR OF CASTERBRIDGE. A STORY OF A MAN OF CHARACTER,4.245,110,93,84.55,0.0102,8.667
1320,The Rainmaker (John Grisham),4.314,102,85,83.33,0.0094,8.665
1321,Romola,4.433,90,80,88.89,0.0083,8.664
1322,A Girl of the Limberlost,4.455,88,76,86.36,0.0081,8.662
1323,The Power and the Glory,4.605,76,67,88.16,0.007,8.662
1324,The Last Unicorn,4.55,80,68,85.0,0.0074,8.659
1325,"Last Unicorn, The",4.55,80,68,85.0,0.0074,8.659
1326,Around the World in Eighty Days (Translated by Mercier Lewis),4.398,93,82,88.17,0.0086,8.657
1327,"Goodbye, Columbus",4.148,122,98,80.33,0.0113,8.653
1328,Mrs. Dalloway,4.119,126,97,76.98,0.0117,8.652
1329,Mrs Dalloway (Essential Penguin 2),4.119,126,97,76.98,0.0117,8.652
1330,The Unbearable Lightness of Being (Isis),4.168,119,90,75.63,0.011,8.651
1331,Artemis Fowl (SIGNED),4.059,135,103,76.3,0.0125,8.648
1332,The Book of the Dead,4.212,113,89,78.76,0.0105,8.648
1333,MYTHOLOGY,4.304,102,85,83.33,0.0094,8.645
1334,Go tell it on the mountain (A Dell contemporary classic),3.961,152,112,73.68,0.0141,8.641
1335,The Lies of Locke Lamora,4.32,100,88,88.0,0.0092,8.64
1336,THE VALLEY OF THE HORSES.,4.044,137,104,75.91,0.0127,8.64
1337,The Valley of Horses,4.044,137,104,75.91,0.0127,8.64
1338,Ramona the Pest,4.622,74,70,94.59,0.0068,8.639
1339,Daughter of Fortune CD,3.871,170,114,67.06,0.0157,8.633
1340,Cosmic consciousness: A study in the evolution of the human mind,4.354,96,80,83.33,0.0089,8.631
1341,Cosmic consciousness;: A study in the evolution of the human mind,4.354,96,80,83.33,0.0089,8.631
1342,Deliverance,4.354,96,82,85.42,0.0089,8.631
1343,Addicted,4.15,120,94,78.33,0.0111,8.629
1344,Batman: The Killing Joke,4.372,94,80,85.11,0.0087,8.627
1345,The Diving-Bell and the Butterfly : A Memoir of Life in Death,4.6,75,69,92.0,0.0069,8.625
1346,Room with a View (Bantam Classic),4.077,130,96,73.85,0.012,8.618
1347,A room with a view.,4.077,130,96,73.85,0.012,8.618
1348,"A Room with a View (Penguin Readers, Level 6)",4.077,130,96,73.85,0.012,8.618
1349,A ROOM WITH A VIEW.,4.077,130,96,73.85,0.012,8.618
1350,The Book of the Dead (Pendergast),4.205,112,88,78.57,0.0104,8.618
1351,Drums of Autumn Hardcover First Edition,4.229,109,90,82.57,0.0101,8.617
1352,Heretics,4.476,84,72,85.71,0.0078,8.613
1353,Under and Alone: The True Story of the Undercover Agent Who Infiltrated America's Most Violent Outlaw Motorcycle Gang,4.579,76,70,92.11,0.007,8.612
1354,Under And Alone,4.579,76,70,92.11,0.007,8.612
1355,Paradise Lost,4.396,91,76,83.52,0.0084,8.611
1356,Paradise Lost (Odyssey Series in Literature),4.396,91,76,83.52,0.0084,8.611
1357,Milton's Paradise Lost,4.396,91,76,83.52,0.0084,8.611
1358,"The abolition of man; or, Reflections on education with special reference to the teaching of English in the upper forms of schools, (University of Durham. Riddell memorial lectures)",4.525,80,71,88.75,0.0074,8.611
1359,"Breaking Point (Troubleshooters, Book 9)",3.941,153,96,62.75,0.0142,8.61
1360,The Bean Trees (G K Hall Large Print Book Series),3.941,153,108,70.59,0.0142,8.61
1361,The Complete Calvin and Hobbes,4.766,64,59,92.19,0.0059,8.608
1362,Today Book Club Pick June 2003 Selection,3.929,155,111,71.61,0.0143,8.606
1363,Guards! Guards,4.648,71,68,95.77,0.0066,8.604
1364,A Lesson Before Dying (Library Edition Audio CDs) (Audio Theatre Collection),4.3,100,83,83.0,0.0092,8.6
1365,Cards on the Table,4.4,90,78,86.67,0.0083,8.599
1366,"Drink Before the War, A",4.133,120,90,75.0,0.0111,8.594
1367,Sugar,4.442,86,74,86.05,0.008,8.593
1368,"Relativity;: The special and general theory,",4.078,128,96,75.0,0.0118,8.593
1369,The Book of Lost Things,4.26,104,89,85.58,0.0096,8.592
1370,The Book of Lost Things: A Novel,4.26,104,89,85.58,0.0096,8.592
1371,Wide Sargasso Sea,3.947,150,108,72.0,0.0139,8.588
1372,The Bourne Identity,4.062,130,99,76.15,0.012,8.586
1373,Dreamcatcher Movie-Tie In,3.545,264,147,55.68,0.0244,8.586
1374,My Life So Far,4.389,90,78,86.67,0.0083,8.577
1375,The monster at the end of this book (A little golden book),4.862,58,56,96.55,0.0054,8.574
1376,The Monster At The End Of This Book,4.862,58,56,96.55,0.0054,8.574
1377,the illustrated man,4.277,101,82,81.19,0.0093,8.573
1378,Ransom,4.224,107,82,76.64,0.0099,8.573
1379,The illustrated man (Corgi science fiction),4.277,101,82,81.19,0.0093,8.573
1380,Sea-Wolf,4.265,102,84,82.35,0.0094,8.566
1381,The Sea-Wolf (Naxos Audio),4.265,102,84,82.35,0.0094,8.566
1382,The Sea Wolf (A Bantam Pathfinder Edition),4.265,102,84,82.35,0.0094,8.566
1383,The cat in the hat,4.817,60,58,96.67,0.0055,8.565
1384,The Orthodox Church,4.611,72,70,97.22,0.0067,8.564
1385,Sharpe's Tiger (Sharpe's Adventures),4.611,72,66,91.67,0.0067,8.564
1386,"Sharpe's Tiger : Richard Sharpe and the Siege of Seringapatam, 1799 (Richard Sharpe's Adventure Series #1)",4.611,72,66,91.67,0.0067,8.564
1387,"Tender is the night,: A romance,",3.855,166,111,66.87,0.0154,8.559
1388,Tender is the Night (Scribner Classics Series),3.855,166,111,66.87,0.0154,8.559
1389,On the Beach (Charnwood Library),4.215,107,85,79.44,0.0099,8.554
1390,Johnny Got His Gun (A Bantam Windstone Book),4.481,81,70,86.42,0.0075,8.553
1391,Johnny Got His Gun,4.481,81,70,86.42,0.0075,8.553
1392,The Killer Inside Me,4.158,114,88,77.19,0.0105,8.552
1393,Agnes Grey,4.158,114,98,85.96,0.0105,8.552
1394,Death comes for the archbishop,4.398,88,77,87.5,0.0081,8.551
1395,Death comes for the archbishop (The novels and stories of Willa Cather),4.398,88,77,87.5,0.0081,8.551
1396,The Tao of Pooh,4.363,91,75,82.42,0.0084,8.547
1397,The Tao of Pooh (Turtleback School & Library Binding Edition),4.363,91,75,82.42,0.0084,8.547
1398,Alive the Story of the Andes Survivors,4.697,66,60,90.91,0.0061,8.546
1399,"Memories, Dreams, Reflections",4.697,66,64,96.97,0.0061,8.546
1400,THE LAUGHING CORPSE - Signed,4.17,112,90,80.36,0.0104,8.545
1401,Painted Bird,4.138,116,92,79.31,0.0107,8.543
1402,Angela's Ashes,4.382,89,73,82.02,0.0082,8.542
1403,Sea Wolf,4.27,100,83,83.0,0.0092,8.54
1404,Mildred Pierce,4.513,78,70,89.74,0.0072,8.539
1405,Imperial Life in the Emerald City,4.568,74,68,91.89,0.0068,8.538
1406,The Janson Directive,4.231,104,88,84.62,0.0096,8.534
1407,Casting the First Stone,4.302,96,83,86.46,0.0089,8.528
1408,A Streetcar Named Desire (Turtleback School & Library Binding Edition),4.638,69,65,94.2,0.0064,8.528
1409,Casting The First Stone,4.302,96,83,86.46,0.0089,8.528
1410,The Princess Diaries,4.219,105,85,80.95,0.0097,8.527
1411,Batman: Year One,4.547,75,69,92.0,0.0069,8.525
1412,A Peace to End all Peace,4.429,84,73,86.9,0.0078,8.522
1413,Angels,4.682,66,60,90.91,0.0061,8.519
1414,Adventures of Robinson Crusoe (100 Greatest Books of All Time),4.082,122,91,74.59,0.0113,8.516
1415,Arabian Sands,4.647,68,64,94.12,0.0063,8.516
1416,Coming of Age in Mississippi,4.475,80,72,90.0,0.0074,8.516
1417,Christianity and liberalism,4.647,68,64,94.12,0.0063,8.516
1418,Rise to Rebellion: A Novel of the American Revolution,4.475,80,72,90.0,0.0074,8.516
1419,The Lost World,4.5,78,72,92.31,0.0072,8.514
1420,The Varieties of Religious Experience: A Study in Human Nature (Being the Gifford Lectures on Natural Religion Delivered at Edinburgh in 1901-1902),4.221,104,84,80.77,0.0096,8.514
1421,The Varieties of Religious Experiences,4.221,104,84,80.77,0.0096,8.514
1422,Lost World,4.5,78,72,92.31,0.0072,8.514
1423,The varieties of religious experience: A study in human nature,4.221,104,84,80.77,0.0096,8.514
1424,The varieties of religious experience;: A study in human nature (Gifford lectures on natural religion),4.221,104,84,80.77,0.0096,8.514
1425,The Varities of Religious Experience: a Study in Human Nature,4.221,104,84,80.77,0.0096,8.514
1426,archy and mehitabel,4.828,58,58,100.0,0.0054,8.513
1427,Genome: The Autobiography of a Species in 23 Chapters,4.526,76,68,89.47,0.007,8.513
1428,"THE PRIZE; THE EPIC QUEST FOR OIL, MONEY, AND POWER.",4.554,74,67,90.54,0.0068,8.513
1429,Ted Williams: The Biography of an American Hero,4.323,93,75,80.65,0.0086,8.509
1430,"Stupidest Angel, The LP",4.21,105,86,81.9,0.0097,8.508
1431,A rumor of war: With a twentieth anniversary postscript by the author,4.783,60,59,98.33,0.0055,8.505
1432,Hannibal,3.272,397,187,47.1,0.0367,8.503
1433,Girl in Hyacinth Blue (Highbridge Distribution),4.015,131,100,76.34,0.0121,8.501
1434,Animal Dreams,4.164,110,90,81.82,0.0102,8.5
1435,Hannibal (Hannibal Lecter),3.273,395,187,47.34,0.0365,8.5
1436,The Pianist: The Extraordinary True Story of One Man's Survival in Warsaw,4.797,59,56,94.92,0.0055,8.494
1437,The High King,4.667,66,62,93.94,0.0061,8.491
1438,Wicca: A Guide For the Solitary Practitioner,4.344,90,72,80.0,0.0083,8.49
1439,Whispers,4.143,112,90,80.36,0.0104,8.49
1440,The Cricket in Times Square,4.714,63,61,96.83,0.0058,8.483
1441,Julie and Romeo Get Lucky,4.24,100,84,84.0,0.0092,8.48
1442,The Adventures of Robinson Crusoe (Great Illustrated Classics),4.023,128,92,71.88,0.0118,8.478
1443,Song of Solomon,4.494,77,69,89.61,0.0071,8.477
1444,The pursuit of God (Silver anniversary classics),4.548,73,66,90.41,0.0068,8.474
1445,Island,3.849,159,102,64.15,0.0147,8.473
1446,Mr. Brown can moo! Can you?,4.726,62,59,95.16,0.0057,8.47
1447,Mr. Brown Can Moo! Can You?,4.726,62,59,95.16,0.0057,8.47
1448,"Sloppy Firsts (Jessica Darling, Book 1)",4.45,80,70,87.5,0.0074,8.469
1449,The Partner Audio Book on Tape,3.828,163,111,68.1,0.0151,8.469
1450,Franny & Zooey,4.066,121,91,75.21,0.0112,8.469
1451,Franny and Zooey,4.066,121,91,75.21,0.0112,8.469
1452,James and the Giant Peach (Roald Dahl's Fantasy Adventure for Children),4.527,74,67,90.54,0.0068,8.462
1453,James and the Giant Peach: A Children's Story,4.527,74,67,90.54,0.0068,8.462
1454,The Portrait of a Lady (The Classic Collection),4.556,72,70,97.22,0.0067,8.461
1455,Case Histories (Albert Campion Mysteries),3.97,135,101,74.81,0.0125,8.458
1456,Case Histories,3.97,135,101,74.81,0.0125,8.458
1457,"Look Homeward, Angel: A Story of the Buried Life",3.817,164,112,68.29,0.0152,8.454
1458,The talented Mr. Ripley,4.274,95,79,83.16,0.0088,8.452
1459,The Talented Mister Ripley,4.274,95,79,83.16,0.0088,8.452
1460,Sharpe's Eagle (Richard Sharpe's Adventure Series #8),4.793,58,56,96.55,0.0054,8.452
1461,Small Gods,4.507,75,68,90.67,0.0069,8.45
1462,Candide and Other Writings,4.29,93,80,86.02,0.0086,8.445
1463,"From Russia, with love (Heron books)",4.438,80,72,90.0,0.0074,8.445
1464,Candide,4.29,93,80,86.02,0.0086,8.445
1465,Candide (Franklin Library),4.29,93,80,86.02,0.0086,8.445
1466,Who Moved My Cheese? An-Amazing Way to Deal with Change in Your Work and in Your Life,3.211,426,212,49.77,0.0394,8.444
1467,The New York Trilogy,4.105,114,84,73.68,0.0105,8.444
1468,Tripwire,4.032,124,90,72.58,0.0115,8.441
1469,Thus Spoke Zarathustra,4.22,100,76,76.0,0.0092,8.44
1470,"Thus spake Zarathustra, (The Modern library of the world's best books)",4.22,100,76,76.0,0.0092,8.44
1471,Thus Spoke Zarathustra (Non-fiction),4.22,100,76,76.0,0.0092,8.44
1472,Thus spake Zarathustra: a book for all and none,4.22,100,76,76.0,0.0092,8.44
1473,Thus spake Zarathustra,4.22,100,76,76.0,0.0092,8.44
1474,Thus spake Zarathustra (The Modern library of the world's best books),4.22,100,76,76.0,0.0092,8.44
1475,"Don't Let's Go to the Dogs Tonight, an African Childhood",4.308,91,78,85.71,0.0084,8.439
1476,"Carry On, Jeeves!",4.636,66,62,93.94,0.0061,8.436
1477,Nine Coaches Waiting,4.542,72,72,100.0,0.0067,8.435
1478,The Autobiography of Malcolm X,4.763,59,55,93.22,0.0055,8.434
1479,The Skeptical Environmentalist: Measuring the Real State of the World,4.171,105,84,80.0,0.0097,8.431
1480,Love You Forever,4.106,113,83,73.45,0.0105,8.43
1481,Wish You Well,4.138,109,83,76.15,0.0101,8.43
1482,All Night Long,4.196,102,82,80.39,0.0094,8.428
1483,Tis: A Memoir,3.868,151,105,69.54,0.014,8.427
1484,Vanish,4.311,90,73,81.11,0.0083,8.425
1485,The Kalahari Typing School for Men: More from the No. 1 Ladies' Detective Agency,4.402,82,70,85.37,0.0076,8.425
1486,"Whitney, My Love",4.024,124,91,73.39,0.0115,8.424
1487,My Utmost for His Highest: Selections for the Year- The Golden Book of Oswald Chambers,4.646,65,58,89.23,0.006,8.423
1488,My utmost for His Highest: The golden book of Oswald Chambers : selections for the year,4.646,65,58,89.23,0.006,8.423
1489,The Burgess animal book for children,4.087,115,90,78.26,0.0106,8.422
1490,We die alone,4.549,71,64,90.14,0.0066,8.422
1491,We Die Alone,4.549,71,64,90.14,0.0066,8.422
1492,The Age of Jackson,3.667,198,132,66.67,0.0183,8.421
1493,Lincoln the Unknown,4.733,60,56,93.33,0.0055,8.417
1494,"West with the night,",4.836,55,53,96.36,0.0051,8.417
1495,Hostage,4.173,104,82,78.85,0.0096,8.417
1496,"Lincoln, the unknown",4.733,60,56,93.33,0.0055,8.417
1497,At Home In Mitford (The Mitford Years #1),4.386,83,73,87.95,0.0077,8.416
1498,Beat to Quarters,4.436,78,72,92.31,0.0072,8.393
1499,Last Detective,4.337,86,76,88.37,0.008,8.39
1500,George Washington,4.176,102,87,85.29,0.0094,8.389
1501,the great brain,4.717,60,56,93.33,0.0055,8.387
1502,"The great brain,",4.717,60,56,93.33,0.0055,8.387
1503,Madame Bovary (Bantam Classics),4.717,60,57,95.0,0.0055,8.387
1504,The Light Fantastic (Discworld),4.289,90,77,85.56,0.0083,8.382
1505,Grown Folks Business,4.606,66,62,93.94,0.0061,8.381
1506,Key to Rebecca,4.089,112,96,85.71,0.0104,8.38
1507,The Creature from Jekyll Island: A Second Look at the Federal Reserve,4.772,57,54,94.74,0.0053,8.379
1508,The wide window (Series of unfortunate events),4.378,82,74,90.24,0.0076,8.379
1509,The Bride,4.341,85,66,77.65,0.0079,8.376
1510,We Have Always Lived in the Castle,4.307,88,72,81.82,0.0081,8.375
1511,Monkeewrench (Monkeewrench Series),4.4,80,68,85.0,0.0074,8.374
1512,"The Last Lion: Winston Spencer Churchill, Alone 1932-1940",4.833,54,53,98.15,0.005,8.373
1513,"The Last Lion: Winston Spencer Churchill: Alone, 1932-1940",4.833,54,53,98.15,0.005,8.373
1514,The Day of The Jackal,4.651,63,59,93.65,0.0058,8.368
1515,Tales from the White Hart,4.786,56,56,100.0,0.0052,8.366
1516,Our man in Havana (Heron books),4.447,76,70,92.11,0.007,8.365
1517,Our Man in Havana (Vintage classics),4.447,76,70,92.11,0.007,8.365
1518,Our man in Havana: An entertainment,4.447,76,70,92.11,0.007,8.365
1519,"Second Sight (The Arcane Society, Book 1)",3.875,144,93,64.58,0.0133,8.364
1520,Such a Long Journey,4.219,96,78,81.25,0.0089,8.363
1521,Angels Fall,4.219,96,81,84.38,0.0089,8.363
1522,To the Lighthouse,4.08,112,84,75.0,0.0104,8.362
1523,"To The Lighthouse, A Harvest Book",4.08,112,84,75.0,0.0104,8.362
1524,The Complete Sherlock Holmes.,4.345,84,72,85.71,0.0078,8.361
1525,Imperium,4.278,90,75,83.33,0.0083,8.36
1526,The Pickwick Papers,4.144,104,79,75.96,0.0096,8.359
1527,"The posthumous papers of the Pickwick Club,",4.144,104,79,75.96,0.0096,8.359
1528,The Posthumous Papers of the Pickwick Club,4.144,104,79,75.96,0.0096,8.359
1529,"The posthumous papers of the Pickwick club, (Great illustrated classics)",4.144,104,79,75.96,0.0096,8.359
1530,What My Mother Doesn't Know,4.5,72,62,86.11,0.0067,8.358
1531,Ozma of Oz,4.5,72,62,86.11,0.0067,8.358
1532,Aztec,4.453,75,64,85.33,0.0069,8.35
1533,Black Rose,4.388,80,68,85.0,0.0074,8.35
1534,Lucifer's Hammer,4.052,115,87,75.65,0.0106,8.35
1535,Quartered Safe Out of Here: A Recollection of the War in Burma,4.865,52,52,100.0,0.0048,8.349
1536,Blueberries for Sal (Children's Braille Book-of-the-month Club),4.754,57,54,94.74,0.0053,8.348
1537,Mein Kampf,3.778,162,98,60.49,0.015,8.347
1538,Thinner,3.778,162,110,67.9,0.015,8.347
1539,"The posthumous papers of the Pickwick club,",4.146,103,78,75.73,0.0095,8.344
1540,The posthumous papers of the Pickwick Club,4.146,103,78,75.73,0.0095,8.344
1541,Charles Dickens Pickwick Papers,4.146,103,78,75.73,0.0095,8.344
1542,little house in the big woods,4.815,54,53,98.15,0.005,8.341
1543,Little house in the big woods,4.815,54,53,98.15,0.005,8.341
1544,NINE STORIES: A Perfect Day for Bananafish; Uncle Wiggily in Connecticut; Just Before the War with the Eskimos; The Laughing Man; Down at the Dinghy; For Esme - with Love and Squalor; Pretty Mouth and Green My Eyes; De Daumier-Smith's Blue Period; Teddy,4.37,81,67,82.72,0.0075,8.341
1545,Nine Stories,4.37,81,67,82.72,0.0075,8.341
1546,Nine stories (The Modern library of the world's best books),4.37,81,67,82.72,0.0075,8.341
1547,"The Beatles - A Hard Day's Night [Non-US Format, PAL, Region 2, Import - Great Britain]",4.434,76,68,89.47,0.007,8.34
1548,Emotional Intelligence - Why It Can Matter More Than Iq,3.984,124,88,70.97,0.0115,8.34
1549,Emotional Intelligence,3.984,124,88,70.97,0.0115,8.34
1550,Back When We Were Grownups: A Novel,3.886,140,98,70.0,0.0129,8.339
1551,"Into the Storm (Troubleshooters, Book 10)",3.932,132,90,68.18,0.0122,8.338
1552,The Trial (Everyman's Library Classics & Contemporary Classics),4.392,79,68,86.08,0.0073,8.335
1553,The Burgess bird book for children,4.043,115,85,73.91,0.0106,8.332
1554,Carolina Moon,4.354,82,70,85.37,0.0076,8.332
1555,Dragonquest,4.514,70,66,94.29,0.0065,8.329
1556,The Long Goodbye,4.645,62,59,95.16,0.0057,8.326
1557,J.R.R. Tolkien: A Biography,4.576,66,60,90.91,0.0061,8.326
1558,Pollyanna,4.576,66,60,90.91,0.0061,8.326
1559,Blackbird House,4.645,62,56,90.32,0.0057,8.326
1560,My side of the mountain,4.44,75,64,85.33,0.0069,8.325
1561,Dragonflight (Dragonriders of Pern Series),4.466,73,65,89.04,0.0068,8.321
1562,The Full Cupboard of Life,4.466,73,64,87.67,0.0068,8.321
1563,The Full Cupboard of Life (The No. 1 Ladies' Detective Agency),4.466,73,64,87.67,0.0068,8.321
1564,The Metamorphosis (Norton Critical Editions),4.493,71,63,88.73,0.0066,8.318
1565,Blue Like Jazz: Nonreligious Thoughts on Christian Spirituality,3.91,134,95,70.9,0.0124,8.318
1566,Hissy Fit,3.91,134,92,68.66,0.0124,8.318
1567,My Name Is Red,4.358,81,66,81.48,0.0075,8.317
1568,Little Britches,4.846,52,52,100.0,0.0048,8.316
1569,Long Day's Journey into Night,4.421,76,64,84.21,0.007,8.315
1570,Kingdom Come,4.149,101,77,76.24,0.0093,8.315
1571,Tunnel in the sky,4.585,65,62,95.38,0.006,8.312
1572,A Year in Provence (Ulverscroft Large Print Series),4.446,74,66,89.19,0.0068,8.311
1573,A Year in Provence,4.446,74,66,89.19,0.0068,8.311
1574,Tara Road,3.931,130,97,74.62,0.012,8.309
1575,Graham Greene: The End of the Affair (BBC Audio Series),4.341,82,69,84.15,0.0076,8.309
1576,Valley of Wild Horses,4.273,88,72,81.82,0.0081,8.308
1577,On Beauty,3.629,194,120,61.86,0.0179,8.302
1578,The battle for investment survival,4.115,104,80,76.92,0.0096,8.301
1579,Almost Heaven,4.561,66,59,89.39,0.0061,8.298
1580,The Five Love Languages: The Secret to Love that Lasts,4.629,62,56,90.32,0.0057,8.297
1581,Eight Cousins or The Aunt-Hill,4.452,73,64,87.67,0.0068,8.296
1582,Eight Cousins (Large Print),4.452,73,64,87.67,0.0068,8.296
1583,Down and out in Paris and London;: A novel,4.479,71,64,90.14,0.0066,8.292
1584,"Down and out in Paris and London,",4.479,71,64,90.14,0.0066,8.292
1585,Long Walk to Freedom.,4.764,55,53,96.36,0.0051,8.29
1586,"The postman always rings twice,",4.408,76,73,96.05,0.007,8.29
1587,King Solomon's Mines,4.507,69,62,89.86,0.0064,8.288
1588,Shopaholic & Baby,4.189,95,78,82.11,0.0088,8.286
1589,Amateur Marriage,4.152,99,78,78.79,0.0092,8.285
1590,The Great Game : The Struggle for Empire in Central Asia,4.569,65,59,90.77,0.006,8.284
1591,Schindler's List,4.639,61,57,93.44,0.0056,8.283
1592,The Blue Castle: A Novel,4.827,52,50,96.15,0.0048,8.283
1593,Schindlers List,4.639,61,57,93.44,0.0056,8.283
1594,The Dance of Anger: A Woman's Guide to Changing the Patterns of Intimate Relationships,4.639,61,55,90.16,0.0056,8.283
1595,EIGHT COUSINS or The Aunt-Hill,4.458,72,63,87.5,0.0067,8.281
1596,The Beautiful and Damned,3.87,138,100,72.46,0.0128,8.28
1597,The Beautiful and the Damned,3.87,138,100,72.46,0.0128,8.28
1598,A Death in Vienna,4.313,83,67,80.72,0.0077,8.277
1599,Eleventh Hour (FBI Thriller),3.851,141,93,65.96,0.013,8.277
1600,Immanuel Kant's Critique of pure reason,4.129,101,78,77.23,0.0093,8.275
1601,Moll Flanders,3.822,146,88,60.27,0.0135,8.272
1602,A Pocket Full of Rye,4.545,66,60,90.91,0.0061,8.271
1603,Johnny Tremain: A novel for old & young (Yearling book),4.153,98,80,81.63,0.0091,8.27
1604,The House Next Door,4.191,94,80,85.11,0.0087,8.27
1605,A Stillness at Appomattox (Franklin Library of Pulitzer Prize Classics),4.843,51,50,98.04,0.0047,8.27
1606,A Stillness at Appomattox (THE GREAT MASTERWORKS OF HISTORY - THE FRENCH EMPIRE BINDING),4.843,51,50,98.04,0.0047,8.27
1607,A stillness at Appomattox,4.843,51,50,98.04,0.0047,8.27
1608,The Literacy Bridge - Large Print - Johnny Tremain,4.153,98,80,81.63,0.0091,8.27
1609,The Westing Game,4.438,73,62,84.93,0.0068,8.27
1610,"Taking Charge of Your Fertility: The Definitive Guide to Natural Birth Control, Pregnancy Achievement, and Reproductive Health",4.69,58,54,93.1,0.0054,8.27
1611,The Great Game,4.578,64,58,90.62,0.0059,8.269
1612,A Deepness in the Sky,4.179,95,72,75.79,0.0088,8.265
1613,Keeping Faith,4.179,95,75,78.95,0.0088,8.265
1614,"Rabbit, Run (Signed)",3.862,138,95,68.84,0.0128,8.265
1615,"Rabbit, run.",3.862,138,95,68.84,0.0128,8.265
1616,Trunk Music,4.179,95,79,83.16,0.0088,8.265
1617,"Rabbit, run",3.862,138,95,68.84,0.0128,8.265
1618,Head First Design Patterns,4.792,53,51,96.23,0.0049,8.264
1619,Vanity Fair (Bantam Classic),4.419,74,64,86.49,0.0068,8.26
1620,The Story of Philosophy: The Lives and Opinions of the Greater Philosophers,4.745,55,53,96.36,0.0051,8.259
1621,Sophie's World,3.894,132,91,68.94,0.0122,8.257
1622,Manifesto of the Communist Party,3.748,159,106,66.67,0.0147,8.252
1623,The Diary of Mattie Spenser,4.286,84,68,80.95,0.0078,8.247
1624,A Distant Mirror the Calamitous 14th Century,4.5,68,59,86.76,0.0063,8.246
1625,A Distant Mirror -The Calamitous 14th Century,4.5,68,59,86.76,0.0063,8.246
1626,Giants in the earth: A saga of the prairie,4.5,68,62,91.18,0.0063,8.246
1627,Three Men in a Boat (To Say Nothing of the Dog),4.382,76,67,88.16,0.007,8.241
1628,The Company: A Novel of the CIA,4.597,62,57,91.94,0.0057,8.239
1629,Poland,4.405,74,64,86.49,0.0068,8.235
1630,SPIN,4.144,97,76,78.35,0.009,8.234
1631,Tales of the South Pacific,4.018,112,80,71.43,0.0104,8.233
1632,The King of Torts,3.43,251,135,53.78,0.0232,8.232
1633,Firestarter (Signet Book Ser.),4.289,83,70,84.34,0.0077,8.231
1634,Joy in the Morning,4.121,99,72,72.73,0.0092,8.224
1635,Riders of the Purple Sage,4.121,99,75,75.76,0.0092,8.224
1636,Appointment with Death,4.457,70,62,88.57,0.0065,8.224
1637,March,4.077,104,77,74.04,0.0096,8.223
1638,"Ahab's Wife: Or, the Star-Gazer",3.637,182,110,60.44,0.0168,8.221
1639,What do we learn from variance ratio statistics? (Working paper),4.227,88,70,79.55,0.0081,8.22
1640,THE FALL OF HYPERION,4.227,88,72,81.82,0.0081,8.22
1641,On death and dying,4.227,88,76,86.36,0.0081,8.22
1642,The Demon in the Freezer: A True Story,4.411,73,66,90.41,0.0068,8.219
1643,Arrowsmith,4.146,96,74,77.08,0.0089,8.218
1644,Esperanza Rising,4.515,66,60,90.91,0.0061,8.216
1645,The Legend of Sleepy Hollow,4.057,106,79,74.53,0.0098,8.216
1646,Some Sunday,4.741,54,54,100.0,0.005,8.213
1647,FIFTH ELEPHANT (DISCWORLD),4.547,64,56,87.5,0.0059,8.212
1648,Shiloh,4.547,64,60,93.75,0.0059,8.212
1649,Desert Solitaire : A Season in the Wilderness,4.547,64,56,87.5,0.0059,8.212
1650,Desert Solitaire: A Season in the Wilderness,4.547,64,56,87.5,0.0059,8.212
1651,True Betrayals,4.581,62,56,90.32,0.0057,8.21
1652,The Surgeon's Mate,4.581,62,58,93.55,0.0057,8.21
1653,"Hot Target (Troubleshooters, Book 8)",4.037,108,82,75.93,0.01,8.209
1654,Pompeii: A Novel,3.871,132,91,68.94,0.0122,8.209
1655,Chicka Chicka Boom Boom Book and Audio CD Set (Paperback),4.655,58,54,93.1,0.0054,8.209
1656,TRAVELING MERCIES. SOME THOUGHTS ON FAITH.,4.2,90,69,76.67,0.0083,8.208
1657,Mortal Prey,4.351,77,66,85.71,0.0071,8.207
1658,We,4.417,72,60,83.33,0.0067,8.203
1659,Buffett: The Making of an American Capitalist,4.804,51,50,98.04,0.0047,8.203
1660,Computational study of the aerodynamics and control of the asymmetric vortical flows over Delta wings (JIAA TR),3.966,117,86,73.5,0.0108,8.202
1661,Autobiography of a Face,4.262,84,68,80.95,0.0078,8.201
1662,Adam Bede,4.296,81,69,85.19,0.0075,8.199
1663,Warlord of Mars (Large Print),4.397,73,64,87.67,0.0068,8.194
1664,The Romanov Prophecy,3.659,173,104,60.12,0.016,8.189
1665,Death Match,3.781,146,96,65.75,0.0135,8.183
1666,I Feel Bad About My Neck: And Other Thoughts on Being a Woman,3.949,118,85,72.03,0.0109,8.182
1667,Something Wicked This Way Comes,4.048,105,77,73.33,0.0097,8.181
1668,Something Wicked This Way Comes.,4.048,105,77,73.33,0.0097,8.181
1669,If you want to write,4.6,60,54,90.0,0.0055,8.179
1670,"The life of Samuel Johnson, LL. D",4.6,60,54,90.0,0.0055,8.179
1671,If You Want to Write,4.6,60,54,90.0,0.0055,8.179
1672,A Redbird Christmas,4.638,58,54,93.1,0.0054,8.179
1673,"If You Want to Write: Thoughts About Art, Independence, and Spirit",4.6,60,54,90.0,0.0055,8.179
1674,Charms for the Easy Life,4.125,96,78,81.25,0.0089,8.177
1675,FROM A BUICK 8 (True first edition),3.649,174,104,59.77,0.0161,8.177
1676,Barnaby Rudge,4.125,96,81,84.38,0.0089,8.177
1677,The third galaxy reader,4.403,72,61,84.72,0.0067,8.177
1678,Lucky Jim (A Novel),4.403,72,61,84.72,0.0067,8.177
1679,Man and his Symbols,4.478,67,59,88.06,0.0062,8.176
1680,Man and his symbols,4.478,67,59,88.06,0.0062,8.176
1681,Holidays on Ice,3.911,123,85,69.11,0.0114,8.173
1682,To Have And Have Not,3.903,124,84,67.74,0.0115,8.171
1683,The Return of Tarzan,4.268,82,70,85.37,0.0076,8.169
1684,"Flowers From the Storm (LARGE PRINT, LARGE PRINT)",4.268,82,68,82.93,0.0076,8.169
1685,The Reluctant Widow,4.268,82,66,80.49,0.0076,8.169
1686,Death in Holy Orders,4.384,73,65,89.04,0.0068,8.168
1687,The Seven Spiritual Laws of Success: a Practical Guide To the Fulfillment of Your Dreams,4.54,63,56,88.89,0.0058,8.168
1688,Black and Blue: A Novel (Oprah's Book Club),3.941,118,80,67.8,0.0109,8.165
1689,Way of the peaceful warrior : a basically true story,4.178,90,68,75.56,0.0083,8.164
1690,Way of the Peaceful Warrior: A Book That Changes Lives,4.178,90,68,75.56,0.0083,8.164
1691,4th of July (Women's Murder Club),4.038,105,77,73.33,0.0097,8.162
1692,Dragonwyck,4.485,66,58,87.88,0.0061,8.16
1693,The Botany of Desire A Plant's-eye View of the World,4.207,87,66,75.86,0.008,8.159
1694,"Now, Discover Your Strengths",4.165,91,73,80.22,0.0084,8.159
1695,Our Endangered Values:America's Moral Crisis,3.973,113,83,73.45,0.0105,8.158
1696,THE ABC MURDERS.,4.238,84,69,82.14,0.0078,8.155
1697,"Mossflower (Redwall, Book 2)",4.8,50,48,96.0,0.0046,8.155
1698,"The origin of species by means of natural selection;: Or, The preservation of favoured races in the struggle for life",4.238,84,65,77.38,0.0078,8.155
1699,The Origin of Species (Oxford World's Classics),4.238,84,65,77.38,0.0078,8.155
1700,A.B.C. Murders,4.238,84,69,82.14,0.0078,8.155
1701,ABC Murders,4.238,84,69,82.14,0.0078,8.155
1702,The A.B.C. Murders,4.238,84,69,82.14,0.0078,8.155
1703,"The origin of species by means of natural selection, or, The preservation of favored races in the struggle for life",4.238,84,65,77.38,0.0078,8.155
1704,"The origin of species by means of natural selection;: Or, The preservation of favored races in the struggle for life",4.238,84,65,77.38,0.0078,8.155
1705,"The origin of species by means of natural selection;: Or, The preservation of favored races in the struggle for life (International science library)",4.238,84,65,77.38,0.0078,8.155
1706,The Lorax (Turtleback School & Library Binding Edition),4.8,50,47,94.0,0.0046,8.155
1707,"The origin of species by means of natural selection,: Or The preservation of favored races in the struggle for life,",4.238,84,65,77.38,0.0078,8.155
1708,The Origin of Species,4.238,84,65,77.38,0.0078,8.155
1709,The Origin of Species By Means of Natural Selection or the Preservation of Favored Races in the Struggle for Life - with Additions and Corrections from Sixth and Last English Edition in Two Volumes,4.238,84,65,77.38,0.0078,8.155
1710,The ABC Murders,4.238,84,69,82.14,0.0078,8.155
1711,The A. B. C. Murders,4.238,84,69,82.14,0.0078,8.155
1712,Mossflower,4.8,50,48,96.0,0.0046,8.155
1713,The Pilgrim's Progress; Cassette,4.548,62,54,87.1,0.0057,8.152
1714,The Pilgrims progress,4.548,62,54,87.1,0.0057,8.152
1715,The Pilgrims Progress,4.548,62,54,87.1,0.0057,8.152
1716,The Warlord of Mars (Martian Series #3),4.389,72,63,87.5,0.0067,8.152
1717,The Pilgrim's Progress (Great Epics),4.548,62,54,87.1,0.0057,8.152
1718,"AUSTERE ACADEMY (SERIES OF UNFORTUNATE EVENTS, NO 5)",4.548,62,56,90.32,0.0057,8.152
1719,Pilgrim's Progress (Hodder Christian Audio),4.548,62,54,87.1,0.0057,8.152
1720,Pilgrim's Progress,4.548,62,54,87.1,0.0057,8.152
1721,Captain Corelli's Mandolin,4.75,52,47,90.38,0.0048,8.151
1722,Just So Stories (Watermill Classic),4.049,103,74,71.84,0.0095,8.149
1723,A Man Without A Country,4.049,103,75,72.82,0.0095,8.149
1724,Just so stories: For little children,4.049,103,74,71.84,0.0095,8.149
1725,Just So Stories (Templar Classics),4.049,103,74,71.84,0.0095,8.149
1726,Just so stories for little children,4.049,103,74,71.84,0.0095,8.149
1727,Just-So Stories (Signet classics),4.049,103,74,71.84,0.0095,8.149
1728,"The One Minute ( -01) Manager - Increase Productivity, Profits, And Your Own Prosperity",4.14,93,76,81.72,0.0086,8.149
1729,Just-So Stories,4.049,103,74,71.84,0.0095,8.149
1730,How Leopard Got His Spots Kipling,4.049,103,74,71.84,0.0095,8.149
1731,The Long Goodbye (Bull's-eye),4.621,58,55,94.83,0.0054,8.148
1732,Long Goodbye,4.621,58,55,94.83,0.0054,8.148
1733,Elantris,4.167,90,75,83.33,0.0083,8.143
1734,Confessions of an Economic Hitman,3.464,224,126,56.25,0.0207,8.142
1735,Death be not proud: A memoir,4.104,96,76,79.17,0.0089,8.136
1736,Soul Harvest: The World Takes Sides (Left Behind #4),4.0,108,80,74.07,0.01,8.134
1737,"Soul Harvest: Left Behind, Volume 4",4.0,108,80,74.07,0.01,8.134
1738,Night to Remember,4.47,66,58,87.88,0.0061,8.133
1739,A Night to Remember,4.47,66,58,87.88,0.0061,8.133
1740,Men At Arms (Turtleback School & Library Binding Edition) (Discworld Novels),4.717,53,50,94.34,0.0049,8.133
1741,Birds Without Wings,4.673,55,51,92.73,0.0051,8.132
1742,"Eldest (Inheritance, Book 2)",3.479,217,124,57.14,0.0201,8.129
1743,The Golden Road,4.5,64,56,87.5,0.0059,8.128
1744,Helmet For My Pillow,4.448,67,60,89.55,0.0062,8.122
1745,"American Theocracy: The Peril and Politics of Radical Religion, Oil, and Borrowed Money in the 21stCentury",4.009,106,78,73.58,0.0098,8.12
1746,Man of My Dreams,3.947,114,90,78.95,0.0105,8.119
1747,The Big Rock Candy Mountain,4.4,70,64,91.43,0.0065,8.118
1748,Cold Comfort Farm,4.4,70,61,87.14,0.0065,8.118
1749,Big Rock Candy Mountain,4.4,70,64,91.43,0.0065,8.118
1750,Cold Comfort Farm (Isis Large Print Fiction),4.4,70,61,87.14,0.0065,8.118
1751,Blankets: An Illustrated Novel (Turtleback School & Library Binding Edition),4.643,56,53,94.64,0.0052,8.117
1752,Trouble With Physics the Rise of String,4.477,65,58,89.23,0.006,8.116
1753,The Thin Man,4.039,102,74,72.55,0.0094,8.113
1754,"Cranford;: A play from Mrs. Gaskell's novel,",4.299,77,68,88.31,0.0071,8.109
1755,Cranford (The Hesperides series),4.299,77,68,88.31,0.0071,8.109
1756,"The Best Democracy Money Can Buy: The Truth About Corporate Cons, Globalization, & High-Finance Fraudsters",4.38,71,60,84.51,0.0066,8.109
1757,Warlord of Mars (Martian Series #3),4.38,71,62,87.32,0.0066,8.109
1758,When Calls the Heart (Canadian West #1),4.38,71,59,83.1,0.0066,8.109
1759,When Calls the Heart (Secrets of Heathersleigh Hall),4.38,71,59,83.1,0.0066,8.109
1760,"Cranford, (Macmillan's pocket American and English classics)",4.299,77,68,88.31,0.0071,8.109
1761,CRANFORD.,4.299,77,68,88.31,0.0071,8.109
1762,The Nine Tailors;: Changes rung on an old theme in two short touches and two full peals,4.541,61,54,88.52,0.0056,8.107
1763,Prep,3.594,180,108,60.0,0.0166,8.106
1764,My Losing Season,4.455,66,57,86.36,0.0061,8.105
1765,The Sackett Brand,4.455,66,57,86.36,0.0061,8.105
1766,A Fine Dark Line,4.455,66,58,87.88,0.0061,8.105
1767,"Castles of Steel: Britain, Germany, and the Winning of the Great War at Sea",4.614,57,55,96.49,0.0053,8.102
1768,Hogfather (Discworld),4.614,57,52,91.23,0.0053,8.102
1769,The Slave,4.655,55,52,94.55,0.0051,8.101
1770,Hoot,4.232,82,68,82.93,0.0076,8.099
1771,The Sunbird,3.837,129,90,69.77,0.0119,8.099
1772,Forever,3.688,157,96,61.15,0.0145,8.098
1773,Welcome to the monkey house,4.433,67,59,88.06,0.0062,8.095
1774,The Book of Tea,4.083,96,74,77.08,0.0089,8.094
1775,"Pawn of Prophecy (The Belgariad Ser., Bk. 1)",3.972,109,80,73.39,0.0101,8.094
1776,Slammerkin,4.217,83,72,86.75,0.0077,8.092
1777,The Quiet Gentleman,4.462,65,61,93.85,0.006,8.088
1778,"Unheard Words: Women and Literature in Africa, the Arab World, Asia, the Caribbean and Latin America",4.462,65,60,92.31,0.006,8.088
1779,Guests of the Ayatollah: The First Battle in America's War with Militant Islam,4.462,65,60,92.31,0.006,8.088
1780,These Old Shades,4.625,56,53,94.64,0.0052,8.085
1781,These old shades,4.625,56,53,94.64,0.0052,8.085
1782,Giovanni's room (Signet book # S1559),4.712,52,49,94.23,0.0048,8.085
1783,Men At Arms,4.712,52,49,94.23,0.0048,8.085
1784,MEN AT ARMS: A Novel of Discworld,4.712,52,49,94.23,0.0048,8.085
1785,"Have Space Suit, Will Travel",4.412,68,58,85.29,0.0063,8.085
1786,Lie by Moonlight,4.0,105,75,71.43,0.0097,8.085
1787,Have Space Suit - Will Travel,4.412,68,58,85.29,0.0063,8.085
1788,I Know Why the Caged Bird Sings,4.096,94,73,77.66,0.0087,8.081
1789,I Know Why the Caged Bird Sings (New Portway Large Print Books),4.096,94,73,77.66,0.0087,8.081
1790,I Know Why The Caged Bird Sings,4.096,94,73,77.66,0.0087,8.081
1791,Fathers and Sons (A Norton Critical Edition),4.525,61,55,90.16,0.0056,8.078
1792,Fathers and sons (Bantam Classic),4.525,61,55,90.16,0.0056,8.078
1793,"Fathers & sons,",4.525,61,55,90.16,0.0056,8.078
1794,Never cry wolf,4.133,90,73,81.11,0.0083,8.078
1795,By the Pricking of My Thumbs,4.391,69,60,86.96,0.0064,8.075
1796,Snow Country,4.22,82,66,80.49,0.0076,8.075
1797,The Secret Adversary,4.22,82,66,80.49,0.0076,8.075
1798,Naked Economics: Undressing the Dismal Science,4.559,59,54,91.53,0.0055,8.074
1799,Rubicon: The Last Years of the Roman Republic,4.469,64,57,89.06,0.0059,8.071
1800,Jitterbug Perfume,4.469,64,55,85.94,0.0059,8.071
1801,"That hideous strength,: A modern fairy-tale for grown-ups",4.062,97,77,79.38,0.009,8.07
1802,That Hideous Strength (Space Trilogy),4.062,97,77,79.38,0.009,8.07
1803,That Hideous Strength,4.062,97,77,79.38,0.009,8.07
1804,That Hideous Strength: A Modern Fairy-Tale for Grown-ups,4.062,97,77,79.38,0.009,8.07
1805,This Perfect Day,4.679,53,48,90.57,0.0049,8.068
1806,Crusade in Europe,4.19,84,64,76.19,0.0078,8.064
1807,The varieties of religious experience: A study in human nature (Gifford lectures),4.238,80,64,80.0,0.0074,8.064
1808,The first part of King Henry the Fourth (The Yale Shakespeare),4.533,60,58,96.67,0.0055,8.061
1809,Ubik (The Gregg Press science fiction series),4.446,65,56,86.15,0.006,8.06
1810,The Murder Room (Adam Dalgliesh Mystery Series #12),4.273,77,66,85.71,0.0071,8.06
1811,The Murder Room: An Adam Dalgliesh Mystery,4.273,77,66,85.71,0.0071,8.06
1812,Forever Odd,3.656,160,90,56.25,0.0148,8.059
1813,Forever Odd: A Novel,3.656,160,90,56.25,0.0148,8.059
1814,Alias Grace: Complete & Unabridged,4.311,74,60,81.08,0.0068,8.058
1815,Invisible Monsters: A Novel,4.02,101,71,70.3,0.0093,8.057
1816,What Makes Sammy Run?,4.476,63,60,95.24,0.0058,8.054
1817,Code of the Woosters,4.74,50,46,92.0,0.0046,8.053
1818,Le Petit Prince,4.692,52,48,92.31,0.0048,8.052
1819,Kim,4.207,82,63,76.83,0.0076,8.052
1820,Kim (Modern Library Classics),4.207,82,63,76.83,0.0076,8.052
1821,True lies,4.377,69,61,88.41,0.0064,8.048
1822,Sleeping with the Devil: How Washington Sold Its Soul for Saudi Crude,4.377,69,61,88.41,0.0064,8.048
1823,Remote Control,4.333,72,60,83.33,0.0067,8.048
1824,Gnostic Gospels,4.03,99,78,78.79,0.0092,8.043
1825,The Crisis of Islam: Holy War and Unholy Terror,4.225,80,63,78.75,0.0074,8.041
1826,Steppenwolf,4.403,67,57,85.07,0.0062,8.04
1827,How To Cook Everything: Simple Recipes for Great Food,4.403,67,58,86.57,0.0062,8.04
1828,Roses Are Red,3.617,167,103,61.68,0.0154,8.039
1829,The castle of Llyr,4.484,62,58,93.55,0.0057,8.037
1830,Going Solo,4.706,51,48,94.12,0.0047,8.036
1831,Where Angels Walk,4.66,53,47,88.68,0.0049,8.036
1832,Mr. Popper's penguins,4.66,53,52,98.11,0.0049,8.036
1833,Mr. Popper's Penguins (Newbery Award Series/Cassette),4.66,53,52,98.11,0.0049,8.036
1834,Mr. Popper's Penguins,4.66,53,52,98.11,0.0049,8.036
1835,The secret adversary,4.21,81,65,80.25,0.0075,8.034
1836,"Seize the Night (Dark-Hunter, Book 7)",4.431,65,53,81.54,0.006,8.033
1837,The Mystery of Capital: Why Capitalism Triumphs in the West and Fails Everywhere Else,4.244,78,64,82.05,0.0072,8.029
1838,Smart Couples Finish Rich,4.552,58,52,89.66,0.0054,8.027
1839,Glory in Death,4.46,63,53,84.13,0.0058,8.026
1840,Wyrd Sisters (Discworld Novels),4.46,63,55,87.3,0.0058,8.026
1841,The Memoirs of Cleopatra: A Novel,4.181,83,63,75.9,0.0077,8.023
1842,CADDIE WOODLAWN,4.409,66,57,86.36,0.0061,8.023
1843,"The Jefferson Bible being the life and morals of Jesus of Nazareth""",4.362,69,62,89.86,0.0064,8.022
1844,The History of Tom Jones,4.362,69,59,85.51,0.0064,8.022
1845,The life & morals of Jesus Christ of Nazareth,4.362,69,62,89.86,0.0064,8.022
1846,The Jefferson Bible: With the Annotated Commentaries on Religion of Thomas Jefferson,4.362,69,62,89.86,0.0064,8.022
1847,The Jefferson Bible: The Life and Morals of Jesus of Nazareth,4.362,69,62,89.86,0.0064,8.022
1848,Glory Road,3.944,108,80,74.07,0.01,8.021
1849,Skeleton Key,4.63,54,51,94.44,0.005,8.02
1850,"To Sir, with love (A Pyramid Book)",4.72,50,44,88.0,0.0046,8.019
1851,"Prescription for Nutritional Healing: A Practical A-Z Reference to Drug-Free Remedies Using Vitamins, Minerals, Herbs & Food Supplements",4.72,50,47,94.0,0.0046,8.019
1852,"Sit, walk, stand",4.72,50,48,96.0,0.0046,8.019
1853,S is for Silence,3.725,142,97,68.31,0.0131,8.018
1854,S Is For Silence,3.725,142,97,68.31,0.0131,8.018
1855,Time and Chance,4.263,76,62,81.58,0.007,8.018
1856,S is for Silence (Kinsey Millhone Mysteries),3.725,142,97,68.31,0.0131,8.018
1857,Executive Power,3.911,112,82,73.21,0.0104,8.014
1858,Key of Light (Key Trilogy),4.343,70,55,78.57,0.0065,8.013
1859,Lord Jim,4.343,70,59,84.29,0.0065,8.013
1860,"Key of Light (Key Trilogy, 1)",4.343,70,55,78.57,0.0065,8.013
1861,Star Wars Episode II,4.153,85,64,75.29,0.0079,8.013
1862,Kushiel's Chosen (Kushiel's Legacy),4.561,57,52,91.23,0.0053,8.009
1863,The sign of four,4.561,57,51,89.47,0.0053,8.009
1864,O Pioneers! (Lrs Large Print Heritage Series),4.231,78,61,78.21,0.0072,8.005
1865,Forever Amber (The Greates Historical Novels),4.415,65,55,84.62,0.006,8.005
1866,O Pioneers! (G K Hall Large Print Perennial Bestseller Collection),4.231,78,61,78.21,0.0072,8.005
1867,O Pioneers! (Penguin Classics),4.231,78,61,78.21,0.0072,8.005
1868,The cost of discipleship,4.686,51,48,94.12,0.0047,8.002
1869,"The cost of discipleship,",4.686,51,48,94.12,0.0047,8.002
1870,Summer Sisters : A Novel,3.797,128,85,66.41,0.0118,8.001
1871,Winter Solstice,4.215,79,63,79.75,0.0073,7.999
1872,War Horse,4.444,63,55,87.3,0.0058,7.997
1873,Eaters Of The Dead,3.902,112,84,75.0,0.0104,7.996
1874,"Lord Jim,: A tale (The works of Joseph Conrad. The uniform ed)",4.348,69,58,84.06,0.0064,7.995
1875,Reading Like a Writer: A Guide for People Who Love Books and for Those Who Want to Write Them (P.S.),4.348,69,58,84.06,0.0064,7.995
1876,Lord Jim: A tale (A Heron Books collection),4.348,69,58,84.06,0.0064,7.995
1877,A Room Of One's Own (Turtleback School & Library Binding Edition),4.394,66,57,86.36,0.0061,7.995
1878,"Out of Control (Troubleshooters, Book 4)",4.2,80,62,77.5,0.0074,7.993
1879,Ceremony,4.2,80,64,80.0,0.0074,7.993
1880,Finnegans Wake,3.43,214,128,59.81,0.0198,7.993
1881,Finnegan's Wake,3.43,214,128,59.81,0.0198,7.993
1882,The sovereignty of God,4.475,61,51,83.61,0.0056,7.99
1883,The Sovereignty of God,4.475,61,51,83.61,0.0056,7.99
1884,GEEK LOVE.,4.141,85,67,78.82,0.0079,7.99
1885,Collected Stories of William Faulkner,4.611,54,51,94.44,0.005,7.988
1886,O pioneers!,4.234,77,60,77.92,0.0071,7.987
1887,Blinded by the Right: The Conscience of an Ex-Conservative,4.077,91,74,81.32,0.0084,7.987
1888,Northwest Passage,4.654,52,50,96.15,0.0048,7.986
1889,The Zimmerman Telegram (Folio Society in Slipcase),4.654,52,49,94.23,0.0048,7.986
1890,The Zimmermann Telegram,4.654,52,49,94.23,0.0048,7.986
1891,Growth of the Soil,4.654,52,48,92.31,0.0048,7.986
1892,Northwest passage,4.654,52,50,96.15,0.0048,7.986
1893,The Zimmermann telegram,4.654,52,49,94.23,0.0048,7.986
1894,"God Bless You, Mr. Rosewater, or Pearls Before Swine",4.128,86,65,75.58,0.008,7.985
1895,"God Bless You, Mr. Rosewater",4.128,86,65,75.58,0.008,7.985
1896,"God bless you, Mr. Rosewater;: Or, Pearls before swine (A Dell book)",4.128,86,65,75.58,0.008,7.985
1897,"God Bless You, Mr. Rosewater : Or Pearls Before Swine",4.128,86,65,75.58,0.008,7.985
1898,"GOD BLESS YOU, MR. ROSEWATER, or Pearls Before Swine",4.128,86,65,75.58,0.008,7.985
1899,With No One As Witness (Thomas Lynley and Barbara Havers Novels),4.065,92,73,79.35,0.0085,7.983
1900,The Black Dahlia,4.218,78,64,82.05,0.0072,7.981
1901,Maisie Dobbs,3.99,100,72,72.0,0.0092,7.98
1902,The Pleasure of My Company,4.054,93,73,78.49,0.0086,7.98
1903,O is for Outlaw,4.157,83,66,79.52,0.0077,7.977
1904,Mayday,4.043,94,72,76.6,0.0087,7.976
1905,FALLING LEAVES RETURN TO THEIR ROOTS. The True Story of an Unwanted Chinese Daughter.,4.203,79,62,78.48,0.0073,7.975
1906,When He Was Wicked (Bridgerton Family Series),4.253,75,59,78.67,0.0069,7.975
1907,The Cossacks: The death of Ivan Ilyich; Happy Ever After (The Penguin classics L109),4.623,53,50,94.34,0.0049,7.971
1908,The Dante Club,3.594,165,92,55.76,0.0153,7.97
1909,"Sex, Drugs, and Cocoa Puffs: A Low Culture Manifesto",3.806,124,82,66.13,0.0115,7.969
1910,The Face of a Stranger,4.429,63,57,90.48,0.0058,7.969
1911,The House of the Seven Gables,3.934,106,74,69.81,0.0098,7.967
1912,Ship of Fools,3.925,107,75,70.09,0.0099,7.966
1913,Rules for Writers,4.517,58,52,89.66,0.0054,7.966
1914,The Pilot's Wife (Oprah's Book Club Selection Ser. ),3.429,210,109,51.9,0.0194,7.962
1915,The First World War,3.99,99,69,69.7,0.0092,7.962
1916,The Pilot's Wife,3.429,210,109,51.9,0.0194,7.962
1917,Touching the Void: The True Story of One Man's Miraculous Survival,4.314,70,60,85.71,0.0065,7.96
1918,A Cook's Tour: In Search of the Perfect Meal,4.159,82,64,78.05,0.0076,7.959
1919,Cooks Tour in Search of the Perfect Meal,4.159,82,64,78.05,0.0076,7.959
1920,Cooks Tour,4.159,82,64,78.05,0.0076,7.959
1921,Hidden Riches,4.406,64,58,90.62,0.0059,7.958
1922,Surprised by joy: The shape of my early life,4.257,74,60,81.08,0.0068,7.957
1923,All the President's men,4.68,50,46,92.0,0.0046,7.951
1924,Lilith,4.435,62,54,87.1,0.0057,7.95
1925,Q is for Quarry: A Kinsey Millhone Mystery,3.925,106,70,66.04,0.0098,7.948
1926,Secret Sanction,4.278,72,62,86.11,0.0067,7.945
1927,Analyzing newspaper editorials: Are the arguments consistent?,4.118,85,68,80.0,0.0079,7.945
1928,"Prodigal Son (Dean Koontz's Frankenstein, Book 1)",4.175,80,68,85.0,0.0074,7.945
1929,Better: A Surgeon's Notes on Performance,4.564,55,52,94.55,0.0051,7.942
1930,"Give Me a Break : How I Exposed Hucksters, Cheats, and Scam Artists and Became the Scourge of the Liberal Media...",4.043,92,72,78.26,0.0085,7.941
1931,The Last Jihad (Political Thrillers Series #1),4.16,81,62,76.54,0.0075,7.94
1932,N or M?,4.364,66,57,86.36,0.0061,7.94
1933,Dealing with dragons (The Enchanted Forest chronicles),4.413,63,56,88.89,0.0058,7.94
1934,1632 (The Assiti Shards),3.97,100,72,72.0,0.0092,7.94
1935,We Were the Mulvaneys (A William Abrahams Book),3.559,170,98,57.65,0.0157,7.938
1936,We Were the Mulvaneys,3.559,170,98,57.65,0.0157,7.938
1937,Fortunes Rocks,3.942,103,72,69.9,0.0095,7.934
1938,"The house of the seven gables;: A romance (Rinehart editions, no. 89)",3.924,105,73,69.52,0.0097,7.931
1939,"The house of the seven gables,: A romance,",3.924,105,73,69.52,0.0097,7.931
1940,"The house of the seven gables ;: A romance,",3.924,105,73,69.52,0.0097,7.931
1941,An Actor Prepares,4.536,56,48,85.71,0.0052,7.929
1942,An actor prepares,4.536,56,48,85.71,0.0052,7.929
1943,The House Of Seven Gables,3.907,107,74,69.16,0.0099,7.928
1944,Morality For Beautiful Girls: More from the No. 1 Ladies' Detective Agency,4.177,79,58,73.42,0.0073,7.927
1945,Open Season,3.98,98,65,66.33,0.0091,7.924
1946,Kane and Abel,4.369,65,54,83.08,0.006,7.921
1947,"Kiss and Tell (The Men of T-FLAC: The Wrights, Book 2)",4.419,62,53,85.48,0.0057,7.921
1948,Dragonsdawn (Dragonriders of Pern Series),4.211,76,62,81.58,0.007,7.919
1949,The Epic of Gilgamesh: An English Version With an Introduction,4.509,57,53,92.98,0.0053,7.917
1950,"Night Play (Dark-Hunter, Book 6)",4.304,69,60,86.96,0.0064,7.915
1951,No Man Knows My History: the Life of Joseph Smith the Mormon Prophet,3.932,103,75,72.82,0.0095,7.915
1952,Autobiography of a Yogi,4.304,69,55,79.71,0.0064,7.915
1953,The Universe in a Nutshell,4.195,77,63,81.82,0.0071,7.913
1954,The Crystal Cave: Book One of the Arthurian Saga,4.545,55,48,87.27,0.0051,7.911
1955,THE CRYSTAL CAVE,4.545,55,48,87.27,0.0051,7.911
1956,The crystal cave,4.545,55,48,87.27,0.0051,7.911
1957,The Crystal Cave,4.545,55,48,87.27,0.0051,7.911
1958,Call It Sleep,4.286,70,58,82.86,0.0065,7.908
1959,HORNBLOWER AND THE ATROPOS,4.483,58,54,93.1,0.0054,7.905
1960,The Epic of Gilgamesh (Classics (Prebound)),4.483,58,53,91.38,0.0054,7.905
1961,"A Kiss of Shadows (Meredith Gentry, Book 1)",3.733,131,82,62.6,0.0121,7.903
1962,Hide and Seek,3.807,119,74,62.18,0.011,7.901
1963,Soul on Ice,3.8,120,78,65.0,0.0111,7.901
1964,"Myths, Lies, and Downright Stupidity: Get Out the Shovel -- Why Everything You Know is Wrong",4.033,91,69,75.82,0.0084,7.901
1965,The Sigma Protocol,3.8,120,84,70.0,0.0111,7.901
1966,Howard's End,4.268,71,58,81.69,0.0066,7.9
1967,The Forgotten Man (SIGNED),4.213,75,63,84.0,0.0069,7.9
1968,The naked sun.,4.518,56,54,96.43,0.0052,7.898
1969,Garlic And Sapphires - Secret Life Of A Critic In Disguise,4.15,80,62,77.5,0.0074,7.898
1970,Commodore Hornblower,4.25,72,60,83.33,0.0067,7.894
1971,Che Guevara: A Revolutionary Life,4.354,65,55,84.62,0.006,7.893
1972,Blue Dahlia,4.0,94,67,71.28,0.0087,7.893
1973,The Tortilla Curtain,4.0,94,67,71.28,0.0087,7.893
1974,Ella Minnow Pea: A Novel in Letters,4.354,65,55,84.62,0.006,7.893
1975,"Evelina, or, A young lady's entrance into the world",4.556,54,51,94.44,0.005,7.892
1976,"Hyperspace: A Scientific Odyssey through Parallel Universes, Time Warps, and the Tenth Dimension",4.403,62,54,87.1,0.0057,7.892
1977,Gap Creek: The Story Of A Marriage (Oprah's Book Club),3.725,131,80,61.07,0.0121,7.887
1978,Blue Highways: A Journey into America,4.333,66,54,81.82,0.0061,7.885
1979,Blue Highways: A Journey Into America,4.333,66,54,81.82,0.0061,7.885
1980,Firehouse,4.64,50,48,96.0,0.0046,7.883
1981,Cunningham's Encyclopedia of Magical Herbs,4.64,50,44,88.0,0.0046,7.883
1982,Living a Life That Matters: Resolving the Conflict Between Conscience and Success,4.64,50,46,92.0,0.0046,7.883
1983,Garlic and Sapphires: The Secret Life of a Critic in Disguise,4.152,79,61,77.22,0.0073,7.879
1984,Evelina (Bedford Cultural Editions),4.527,55,51,92.73,0.0051,7.879
1985,"Evelina, (Everyman's library)",4.527,55,51,92.73,0.0051,7.879
1986,"Evelina, or, The history of a young lady's entrance into the world",4.527,55,51,92.73,0.0051,7.879
1987,Hell House,3.931,101,65,64.36,0.0093,7.878
1988,A Simple Plan,4.138,80,62,77.5,0.0074,7.874
1989,Everything Is Illuminated : A Novel,3.59,156,92,58.97,0.0144,7.873
1990,Equal Rites,3.989,94,72,76.6,0.0087,7.872
1991,Red Lily (In the Garden),4.169,77,60,77.92,0.0071,7.864
1992,Red Lily (In the Garden Series),4.169,77,60,77.92,0.0071,7.864
1993,Gettysburg: A Novel of the Civil War,4.441,59,53,89.83,0.0055,7.864
1994,Unfit for Command: Swift Boat Veterans Speak Out Against John Kerry,3.199,287,158,55.05,0.0265,7.862
1995,Rainbow Six,3.617,149,89,59.73,0.0138,7.861
1996,April Morning,3.912,102,72,70.59,0.0094,7.857
1997,"Claudius, the god and his wife Messalina",4.257,70,58,82.86,0.0065,7.855
1998,A Journal of the Plague Year,4.257,70,60,85.71,0.0065,7.855
1999,Arthur & George (Sound Library),4.257,70,58,82.86,0.0065,7.855
2000,Leviathan,3.979,94,67,71.28,0.0087,7.851
2001,A Death In The Family,4.125,80,62,77.5,0.0074,7.85
2002,Death in the Family,4.125,80,62,77.5,0.0074,7.85
2003,"Nicolae: Left Behind, Volume 3",3.83,112,79,70.54,0.0104,7.849
2004,"The Ruins of Gorlan (Ranger's Apprentice, Book 1)",4.299,67,56,83.58,0.0062,7.849
2005,A Hat Full of Sky The Continuing Adventures of Tiffany Aching and the Wee Free Men,4.62,50,47,94.0,0.0046,7.849
2006,Death on the Nile,4.62,50,47,94.0,0.0046,7.849
2007,GAUDY NIGHT (A LORD PETER WIMSEY MYSTERY),4.299,67,55,82.09,0.0062,7.849
2008,The Long Dark Tea-Time of the Soul,3.958,96,72,75.0,0.0089,7.846
2009,"The Tenant of Wildfell Hall, [Oxford World's Classics 67]",4.393,61,55,90.16,0.0056,7.844
2010,The Tenant of Wildfell Hall Set,4.393,61,55,90.16,0.0056,7.844
2011,The Paradox of Choice: Why More Is Less,4.222,72,62,86.11,0.0067,7.842
2012,The Pale Horseman (The Saxon Chronicles Series #2),4.547,53,50,94.34,0.0049,7.841
2013,The High Window,4.156,77,65,84.42,0.0071,7.84
2014,"Dumbing Us Down: The Hidden Curriculum of Compulsory Schooling, 10th Anniversary Edition",4.371,62,51,82.26,0.0057,7.834
2015,Airframe,3.773,119,77,64.71,0.011,7.831
2016,Villette,4.243,70,58,82.86,0.0065,7.828
2017,The Periodic Table,4.519,54,48,88.89,0.005,7.828
2018,Seven Types of Ambiguity,4.173,75,55,73.33,0.0069,7.825
2019,Fairy tales every child should know,4.173,75,57,76.0,0.0069,7.825
2020,A Soldier of the Great War,4.4,60,51,85.0,0.0055,7.824
2021,Rabbit Hill,4.4,60,54,90.0,0.0055,7.824
2022,Half of a Yellow Sun,4.558,52,47,90.38,0.0048,7.821
2023,Sin City Volume 1: The Hard Goodbye (3rd Edition),4.558,52,49,94.23,0.0048,7.821
2024,The Everlasting Man,3.643,140,88,62.86,0.0129,7.818
2025,Fire From Heaven,4.491,55,47,85.45,0.0051,7.816
2026,Running Man,4.208,72,58,80.56,0.0067,7.816
2027,The running man,4.208,72,58,80.56,0.0067,7.816
2028,Mary Barton: A Tale of Manchester Life,4.208,72,60,83.33,0.0067,7.816
2029,The Innocents Abroad Or The New Pilgrim's Progress,4.6,50,46,92.0,0.0046,7.815
2030,The Moving Finger,4.265,68,52,76.47,0.0063,7.815
2031,"The innocents abroad;: Or, The new pilgrim's progress ; being some account of the steamship Quaker City's pleasure excursion to Europe and the Holy Land,",4.6,50,46,92.0,0.0046,7.815
2032,The Innocents Abroad,4.6,50,46,92.0,0.0046,7.815
2033,Double Star,4.128,78,58,74.36,0.0072,7.811
2034,Invisible (Ivy Malone Mystery Series #1),3.938,96,70,72.92,0.0089,7.805
2035,"The Night Before Christmas, The (Wee Books for Wee Folk)",4.464,56,47,83.93,0.0052,7.804
2036,"Twas the night before Christmas;: A visit from St. Nicholas,",4.464,56,47,83.93,0.0052,7.804
2037,A visit from Santa Claus,4.464,56,47,83.93,0.0052,7.804
2038,Mortal Fear (Mississippi),4.229,70,56,80.0,0.0065,7.802
2039,Fairy Tales Every Child Should Know,4.16,75,56,74.67,0.0069,7.8
2040,"A Common Life (The Mitford Years, Book 6)",3.726,124,80,64.52,0.0115,7.8
2041,The Eustace Diamonds,4.5,54,48,88.89,0.005,7.796
2042,Life Among the Savages,4.5,54,48,88.89,0.005,7.796
2043,Now Wait for Last Year,4.5,54,51,94.44,0.005,7.796
2044,"Tortilla flat, (The Modern library of the world's best books [216.1])",4.269,67,58,86.57,0.0062,7.795
2045,Northern Lights,3.989,90,66,73.33,0.0083,7.795
2046,Silent Spring,3.804,112,80,71.43,0.0104,7.794
2047,Home Comforts : The Art and Science of Keeping House,4.439,57,50,87.72,0.0053,7.794
2048,Falling Angels,4.06,83,68,81.93,0.0077,7.792
2049,Changing Faces,4.312,64,60,93.75,0.0059,7.789
2050,The Virginian,4.538,52,48,92.31,0.0048,7.788
2051,STOLEN LIVES,3.937,95,66,69.47,0.0088,7.786
2052,Abraham Lincoln,4.473,55,48,87.27,0.0051,7.784
2053,"The Tower Treasure (Hardy Boys, Book 1)",4.414,58,50,86.21,0.0054,7.783
2054,Little Men (Large Print),4.232,69,54,78.26,0.0064,7.782
2055,"Don't Make Me Think: A Common Sense Approach to Web Usability, 2nd Edition",4.58,50,46,92.0,0.0046,7.781
2056,Sister Carrie (The Dollar library of American fiction),3.754,118,82,69.49,0.0109,7.778
2057,The Tale of the Body Thief,3.848,105,74,70.48,0.0097,7.777
2058,Blue Smoke,3.989,89,64,71.91,0.0082,7.776
2059,"Exodus,: A novel of Israel",4.39,59,51,86.44,0.0055,7.774
2060,Angels in the Gloom (World War One Series),4.273,66,54,81.82,0.0061,7.774
2061,Exodus (Turtleback School & Library Binding Edition),4.39,59,51,86.44,0.0055,7.774
2062,"Two years before the mast;: A personal narrative of life at sea,",4.446,56,49,87.5,0.0052,7.773
2063,"Two years before the mast: A personal narrative of life at sea,",4.446,56,49,87.5,0.0052,7.773
2064,Two Years Before The Mast-A Personal Narrative of Life at Sea,4.446,56,49,87.5,0.0052,7.773
2065,Key of Knowledge (Key Trilogy 2),4.446,56,50,89.29,0.0052,7.773
2066,Key of Knowledge,4.446,56,50,89.29,0.0052,7.773
2067,Key of Knowledge (Key Trilogy),4.446,56,50,89.29,0.0052,7.773
2068,"Two years before the mast: A personal narrative : ""Housed on the wild sea, with wild usages."" (The collection of biography and autobiography)",4.446,56,49,87.5,0.0052,7.773
2069,The interpretation of dreams,3.388,196,112,57.14,0.0181,7.766
2070,True History of the Kelly Gang,4.181,72,58,80.56,0.0067,7.765
2071,Stuka pilot,4.481,54,44,81.48,0.005,7.764
2072,The meditations;,4.481,54,47,87.04,0.005,7.764
2073,Meditations (Little blue book),4.481,54,47,87.04,0.005,7.764
2074,Tai-Pan,4.421,57,49,85.96,0.0053,7.763
2075,The English Patient,3.907,97,68,70.1,0.009,7.763
2076,TAI-PAN,4.421,57,49,85.96,0.0053,7.763
2077,The Street Lawyer,3.468,173,86,49.71,0.016,7.762
2078,The Last of the Mohicans (Lightyear Press Limited Edition),4.089,79,60,75.95,0.0073,7.759
2079,Tale of the Body Thief,3.83,106,74,69.81,0.0098,7.757
2080,The magus (A Dell book),4.277,65,49,75.38,0.006,7.754
2081,The Meditations of Marcus Aurelius,4.455,55,47,85.45,0.0051,7.753
2082,Satanic Verses,3.956,91,63,69.23,0.0084,7.75
2083,"Pretties (Uglies Trilogy, Book 2)",4.133,75,62,82.67,0.0069,7.75
2084,Fer-De-Lance,4.323,62,56,90.32,0.0057,7.748
2085,They Came to Baghdad,4.323,62,54,87.1,0.0057,7.748
2086,Princess: A True Story Of Life Behind The Veil In Saudi Arabia (Turtleback School & Library Binding Edition),4.258,66,50,75.76,0.0061,7.747
2087,Crazy For You,4.118,76,61,80.26,0.007,7.746
2088,Crazy for You,4.118,76,61,80.26,0.007,7.746
2089,Marine sniper: 93 confirmed kills,4.491,53,47,88.68,0.0049,7.743
2090,Prince of Fire,4.302,63,54,85.71,0.0058,7.74
2091,Under the Black Flag: The Romance and the Reality of Life Among the Pirates,4.302,63,52,82.54,0.0058,7.74
2092,FOUCAULTS PENDULUM,3.575,146,83,56.85,0.0135,7.738
2093,Shadow of the Hegemon,3.821,106,71,66.98,0.0098,7.738
2094,The Hard-boiled Wonderland and the End of the World,4.221,68,56,82.35,0.0063,7.734
2095,Rubaiyat of Omar Khayyam,4.529,51,43,84.31,0.0047,7.734
2096,"Prize Winner of Defiance, Ohio: How My Mother Raised 10 Kids on 25 Words or Less",4.529,51,45,88.24,0.0047,7.734
2097,Jemima J - A Novel About Ugly Ducklings And Swans,3.506,160,89,55.62,0.0148,7.728
2098,"Not a Penny More, Not a Penny Less",4.262,65,56,86.15,0.006,7.726
2099,"Dragons of the Dwarven Depths: The Lost Chronicles, Volume I (Lost Chronicles Trilogy)",3.6,140,72,51.43,0.0129,7.726
2100,Looking Backward,3.403,186,96,51.61,0.0172,7.724
2101,"A Caress of Twilight (Meredith Gentry, Book 2)",3.896,96,67,69.79,0.0089,7.723
2102,A Caress of Twilight,3.896,96,67,69.79,0.0089,7.723
2103,Sharpe's Triumph (Richard Sharpe's Adventure Series #2),4.5,52,49,94.23,0.0048,7.722
2104,Journey to the End of the Night,4.5,52,46,88.46,0.0048,7.722
2105,"Sharpe's Triumph: Richard Sharpe and the Battle of Assaye, September 1803 (Richard Sharpe's Adventure Series #2)",4.5,52,49,94.23,0.0048,7.722
2106,The Road to Wigan Pier,4.5,52,48,92.31,0.0048,7.722
2107,"Journey to the end of the night, (The Modern readers series)",4.5,52,46,88.46,0.0048,7.722
2108,"Sharpe's Triumph: Richard Sharpe and the Battle of Assaye, September 1803 (Richard Sharpe Adventure Series)(Library Binding)",4.5,52,49,94.23,0.0048,7.722
2109,Oh My Stars,4.5,52,46,88.46,0.0048,7.722
2110,Executive Orders,3.811,106,70,66.04,0.0098,7.719
2111,Echoes (G K Hall Large Print Book Series),4.091,77,59,76.62,0.0071,7.717
2112,The Last of the Mohicans: A Narrative of 1757,4.077,78,59,75.64,0.0072,7.714
2113,Live from New York: An Uncensored History of Saturday Night Live,4.077,78,60,76.92,0.0072,7.714
2114,The Last of the Mohicans,4.077,78,59,75.64,0.0072,7.714
2115,The Last of the Mohicans .. A Narrative of 1757,4.077,78,59,75.64,0.0072,7.714
2116,Julie and Romeo,4.286,63,54,85.71,0.0058,7.711
2117,The Nine Parts Of Desire: The Hidden World Of Islamic Women,4.472,53,47,88.68,0.0049,7.71
2118,Eleanor of Aquitaine and the four kings,4.206,68,60,88.24,0.0063,7.707
2119,A Certain Slant of Light,4.333,60,51,85.0,0.0055,7.705
2120,"Good-bye to all that (Doubleday anchor books, A123)",4.51,51,45,88.24,0.0047,7.701
2121,Good-bye to All That An Autobiography,4.51,51,45,88.24,0.0047,7.701
2122,Good bye to all that (Twentieth century classics),4.51,51,45,88.24,0.0047,7.701
2123,"Burmese days;: A novel,",4.444,54,48,88.89,0.005,7.7
2124,Burmese Days: A Novel (Library Edition),4.444,54,48,88.89,0.005,7.7
2125,Cold Sassy Tree,4.444,54,49,90.74,0.005,7.7
2126,It Can't Happen Here A Novel,4.012,83,62,74.7,0.0077,7.699
2127,It Can't Happen Here (Audio Book),4.012,83,62,74.7,0.0077,7.699
2128,The Egg and I,4.171,70,54,77.14,0.0065,7.697
2129,Tigana,4.092,76,55,72.37,0.007,7.696
2130,The Lady and the Unicorn,3.988,85,61,71.76,0.0079,7.695
2131,The City of Falling Angels,3.694,121,74,61.16,0.0112,7.694
2132,Blue at the Mizzen,4.29,62,48,77.42,0.0057,7.69
2133,Last Train to Paradise: Henry Flagler and the Spectacular Rise and Fall of the Railroad That Crossed an Ocean,4.29,62,50,80.65,0.0057,7.69
2134,Systematic Theology,4.418,55,48,87.27,0.0051,7.689
2135,The Epic of Gilgamesh (Penguin Audiobooks),4.481,52,48,92.31,0.0048,7.689
2136,Little men : life at Plumfield with Jo's boys,4.209,67,52,77.61,0.0062,7.686
2137,"Little Men: Life at Plumfield with Jo's boys, (Illustrated Junior Library)",4.209,67,52,77.61,0.0062,7.686
2138,DisneyWar,4.339,59,49,83.05,0.0055,7.684
2139,The Devil Wears Prada,3.092,305,125,40.98,0.0282,7.681
2140,Bush at War,3.808,104,66,63.46,0.0096,7.68
2141,The teachings of Don Juan: A Yaqui way of knowledge,3.848,99,71,71.72,0.0092,7.68
2142,Valhalla Rising (Dirk Pitt Adventure),3.808,104,73,70.19,0.0096,7.68
2143,"The Teachings of Don Juan, A Yaqui Way of Knowledge",3.848,99,71,71.72,0.0092,7.68
2144,The Teachings of Don Juan: A Yaqui Way of Knowledge,3.848,99,71,71.72,0.0092,7.68
2145,The Teachings of Don Juan,3.848,99,71,71.72,0.0092,7.68
2146,Bush At War,3.808,104,66,63.46,0.0096,7.68
2147,The teachings of Don Juan: a yaqui Way of Knowledge,3.848,99,71,71.72,0.0092,7.68
2148,"The Opal Deception: Artemis Fowl, Book 4",4.453,53,46,86.79,0.0049,7.678
2149,Lady Susan,4.25,64,48,75.0,0.0059,7.676
2150,Three Hearts and Three Lions,4.174,69,51,73.91,0.0064,7.675
2151,A Tramp Abroad,3.697,119,79,66.39,0.011,7.674
2152,ECHOES,4.079,76,58,76.32,0.007,7.672
2153,"The Dragonbone Chair (Memory, Sorrow, & Thorn Ser.)",3.954,87,63,72.41,0.008,7.669
2154,Doctor Zhivago (Penguin Longman Reader Bk/Tape),4.212,66,55,83.33,0.0061,7.664
2155,Doctor Zhivago,4.212,66,55,83.33,0.0061,7.664
2156,Dr. Zhivago,4.212,66,55,83.33,0.0061,7.664
2157,The double helix: A personal account of the discovery of the structure of DNA,4.038,79,61,77.22,0.0073,7.663
2158,The Double Helix,4.038,79,61,77.22,0.0073,7.663
2159,Once and Always,4.274,62,49,79.03,0.0057,7.661
2160,The Fires Of Heaven (Turtleback School & Library Binding Edition) (Wheel of Time (Pb)),3.822,101,65,64.36,0.0093,7.66
2161,Flash for Freedom,4.462,52,48,92.31,0.0048,7.656
2162,Spook: Science Tackles the Afterlife,3.44,168,90,53.57,0.0155,7.656
2163,The Body in the Library,4.322,59,50,84.75,0.0055,7.654
2164,The body in the library,4.322,59,50,84.75,0.0055,7.654
2165,Where the Right Went Wrong: How Neoconservatives Hijacked the Bush Presidency,4.234,64,53,82.81,0.0059,7.648
2166,Dark Desire,4.3,60,47,78.33,0.0055,7.646
2167,Longitudes and Attitudes: Exploring the World After September 11,4.5,50,45,90.0,0.0046,7.645
2168,Housekeeping,3.901,91,64,70.33,0.0084,7.642
2169,Black,4.215,65,48,73.85,0.006,7.642
2170,The Optimist's Daughter,3.837,98,68,69.39,0.0091,7.64
2171,Survivor in Death (In Death),4.279,61,50,81.97,0.0056,7.639
2172,Petals on the Wind,4.197,66,51,77.27,0.0061,7.637
2173,After the Night,4.197,66,50,75.76,0.0061,7.637
2174,Little Men: Life at Plumfield With Jo's Boy,4.197,66,51,77.27,0.0061,7.637
2175,Petals on the wind,4.197,66,51,77.27,0.0061,7.637
2176,Little men: Life at Plumfield with Jo's boys,4.197,66,51,77.27,0.0061,7.637
2177,Eleanor of Aquitaine and the Four Kings,4.197,66,58,87.88,0.0061,7.637
2178,Hondo,4.407,54,46,85.19,0.005,7.635
2179,Miracles: a Preliminary Study,4.407,54,47,87.04,0.005,7.635
2180,Death Comes As the End,4.407,54,50,92.59,0.005,7.635
2181,"Miracles, a preliminary study",4.407,54,47,87.04,0.005,7.635
2182,Miracles;: A preliminary study,4.407,54,47,87.04,0.005,7.635
2183,The Republic (Non Fiction),4.407,54,46,85.19,0.005,7.635
2184,Harvest,4.407,54,47,87.04,0.005,7.635
2185,The sheltering sky,4.096,73,57,78.08,0.0068,7.632
2186,The Coffee Trader: A Novel,3.976,83,56,67.47,0.0077,7.63
2187,Coffee Trader,3.976,83,56,67.47,0.0077,7.63
2188,Postmortem,4.067,75,59,78.67,0.0069,7.625
2189,Ordinary Heroes: A Novel,4.305,59,47,79.66,0.0055,7.624
2190,The March: A Novel,3.786,103,64,62.14,0.0095,7.621
2191,Nonviolent Communication,4.219,64,54,84.38,0.0059,7.62
2192,Sunshine,3.632,125,67,53.6,0.0116,7.616
2193,Jude the Obscure (Large Print),4.013,79,57,72.15,0.0073,7.615
2194,Go Tell It on the Mountain (A Dell Book),4.113,71,56,78.87,0.0066,7.614
2195,The Mill on the Floss (Bantam Classic),4.415,53,48,90.57,0.0049,7.613
2196,Temptation,4.0,80,58,72.5,0.0074,7.612
2197,Ask the Dust,4.48,50,45,90.0,0.0046,7.611
2198,A Passage to India,3.976,82,54,65.85,0.0076,7.609
2199,The Mysterious Rider,4.182,66,60,90.91,0.0061,7.609
2200,A Passage To India (Turtleback School & Library Binding Edition),3.976,82,54,65.85,0.0076,7.609
2201,The Gods Themselves,4.182,66,54,81.82,0.0061,7.609
2202,"Dark Fire (The Carpathians (Dark) Series, Book 6)",4.389,54,45,83.33,0.005,7.603
2203,This Side of Paradise,3.93,86,61,70.93,0.008,7.603
2204,This Side of Paradise (The Classic Collection),3.93,86,61,70.93,0.008,7.603
2205,This Side of Paradise (Library Edition),3.93,86,61,70.93,0.008,7.603
2206,The Bear and the Dragon,2.837,478,172,35.98,0.0442,7.601
2207,The Day of the Locust,4.147,68,48,70.59,0.0063,7.6
2208,Congo: The Movie Storybook,3.816,98,67,68.37,0.0091,7.599
2209,Prelude To Foundation,4.222,63,50,79.37,0.0058,7.597
2210,Poems and Songs of Robert Burns,4.364,55,45,81.82,0.0051,7.594
2211,Madonna of Leningrad,4.288,59,49,83.05,0.0055,7.594
2212,Farewell My Lovely,4.364,55,51,92.73,0.0051,7.594
2213,"Farewell, My Lovely",4.364,55,51,92.73,0.0051,7.594
2214,Citizen of the Galaxy,4.364,55,47,85.45,0.0051,7.594
2215,The Trouble with Islam: A Muslim's Call for Reform in Her Faith,4.114,70,56,80.0,0.0065,7.591
2216,Saucer,3.411,168,84,50.0,0.0155,7.59
2217,Confessions of a Street Addict,4.423,52,48,92.31,0.0048,7.59
2218,"Stolen (Women of the Otherworld, Book 2)",4.267,60,48,80.0,0.0055,7.587
2219,Midnight Bayou,3.975,81,58,71.6,0.0075,7.587
2220,"Zen Mind, Beginner's Mind",4.267,60,46,76.67,0.0055,7.587
2221,Affinity,4.339,56,51,91.07,0.0052,7.586
2222,The Structure of Scientific Revolutions,3.952,83,56,67.47,0.0077,7.584
2223,Maximum Ride: The Angel Experiment,3.782,101,64,63.37,0.0093,7.581
2224,Demian,4.316,57,46,80.7,0.0053,7.578
2225,Hawaii (A Bantam Book),4.316,57,49,85.96,0.0053,7.578
2226,"Demian,",4.316,57,46,80.7,0.0053,7.578
2227,Under the Lilacs,4.316,57,45,78.95,0.0053,7.578
2228,Demian: the Story of Emil Sinclairs Youth,4.316,57,46,80.7,0.0053,7.578
2229,Eleanor of Aquitaine: A Life,4.316,57,48,84.21,0.0053,7.578
2230,The Confessions of St. Augustine,4.054,74,54,72.97,0.0068,7.578
2231,Codependent No More - How To Stop Controlling Others And Start Caring For Yourself,4.37,54,45,83.33,0.005,7.571
2232,Codependent No More How to Stop Controlling Others and Start Caring for Yourself,4.37,54,45,83.33,0.005,7.571
2233,A Paper Life,4.206,63,50,79.37,0.0058,7.569
2234,Shoulder the Sky (World War One Series),4.0,78,63,80.77,0.0072,7.568
2235,CROOKED HOUSE,4.431,51,42,82.35,0.0047,7.567
2236,Circle of Friends,4.431,51,46,90.2,0.0047,7.567
2237,HELL'S ANGELS: A Strange and Terrible Saga,4.271,59,48,81.36,0.0055,7.564
2238,"Hell's Angels, The Strange and Terrible Saga of the Outlaw Motorcycle Gangs",4.271,59,48,81.36,0.0055,7.564
2239,Nights In Rodanthe (Turtleback School & Library Binding Edition),3.664,116,72,62.07,0.0107,7.564
2240,Inside the Kingdom: My Life in Saudi Arabia,4.188,64,52,81.25,0.0059,7.563
2241,The Line of Beauty: A Novel,3.963,81,57,70.37,0.0075,7.563
2242,"Post Captain: Aubrey/Maturin Series, Book 2",4.345,55,46,83.64,0.0051,7.563
2243,Post Captain (Master and Commander Series),4.345,55,46,83.64,0.0051,7.563
2244,Post Captain,4.345,55,46,83.64,0.0051,7.563
2245,Why I am Not a Christian,3.951,82,63,76.83,0.0076,7.562
2246,Why I Am Not a Christian: And Other Essays on Religion and Related Subjects,3.951,82,63,76.83,0.0076,7.562
2247,Why I Am Not A Christian and Other Essays on Religion and Related Subjects,3.951,82,63,76.83,0.0076,7.562
2248,Enduring Love,4.069,72,57,79.17,0.0067,7.558
2249,Miss Julia Speaks Her Mind,4.25,60,53,88.33,0.0055,7.557
2250,The Magic of Believing,4.25,60,49,81.67,0.0055,7.557
2251,Lord Of Chaos (Turtleback School & Library Binding Edition) (Wheel of Time (Pb)),3.812,96,63,65.62,0.0089,7.557
2252,"Sea of Glory: America's Voyage of Discovery: The U.S. Exploring Expedition, 1838-1842",4.404,52,47,90.38,0.0048,7.557
2253,Ragtime,4.25,60,48,80.0,0.0055,7.557
2254,The Colour,4.25,60,57,95.0,0.0055,7.557
2255,True Believer,3.202,228,106,46.49,0.0211,7.55
2256,Roman Blood: A Mystery of Ancient Rome,4.377,53,45,84.91,0.0049,7.548
2257,Hunchback of Notre Dame,4.377,53,46,86.79,0.0049,7.548
2258,The Hunchback of Notre Dame (Signet Classics),4.377,53,46,86.79,0.0049,7.548
2259,A PATCHWORK PLANET.,4.21,62,54,87.1,0.0057,7.545
2260,Stones from the River,4.19,63,50,79.37,0.0058,7.54
2261,Tarnsman of Gor,3.625,120,69,57.5,0.0111,7.537
2262,BEYOND BELIEF (The Secret Gospel 0f Thomas),3.865,89,59,66.29,0.0082,7.535
2263,The confessions of St. Augustine (Universal library),4.056,72,52,72.22,0.0067,7.533
2264,Stuart Little,4.027,74,50,67.57,0.0068,7.527
2265,The Jester,3.724,105,66,62.86,0.0097,7.527
2266,Cobra Event,3.987,77,55,71.43,0.0071,7.521
2267,Ivanhoe: A Historical Romance,4.281,57,47,82.46,0.0053,7.516
2268,The Rising Tide: A Novel of the Second World War (World War II),4.281,57,47,82.46,0.0053,7.516
2269,The pelican brief,3.809,94,59,62.77,0.0087,7.515
2270,Isis unveiled: A master-key to the mysteries of ancient and modern science and theology,4.087,69,54,78.26,0.0064,7.515
2271,A Deadly Game: The Untold Story of the Scott Peterson Investigation,4.358,53,45,84.91,0.0049,7.515
2272,The Case for Faith: A Journalist Investigates the Toughest Objections to Christianity,3.864,88,62,70.45,0.0081,7.513
2273,A People's History of the United States: 1492 to Present,3.884,86,60,69.77,0.008,7.513
2274,Black Creek Crossing,3.375,168,84,50.0,0.0155,7.51
2275,For Women Only: What You Need to Know about the Inner Lives of Men,4.42,50,42,84.0,0.0046,7.509
2276,The Bible book by book,4.333,54,45,83.33,0.005,7.507
2277,"Furies of Calderon (Codex Alera, Book 1)",4.027,73,53,72.6,0.0068,7.504
2278,Time Enough for Love,4.0,75,53,70.67,0.0069,7.5
2279,Time Enough for Love: The Lives of Lazarus Long (Part 1 of 2 parts)(Library Edition),4.0,75,53,70.67,0.0069,7.5
2280,The Art of Deception: Controlling the Human Element of Security,4.309,55,47,85.45,0.0051,7.499
2281,Life & Opinions of Tristram Shandy,4.121,66,49,74.24,0.0061,7.499
2282,"The life and opinions of Tristram Shandy, gentleman / by Laurence Sterne (The Modern Library of the world's best books)",4.121,66,49,74.24,0.0061,7.499
2283,"The Life and Opinions of Tristram Shandy, Gentleman (New Casebooks Series)",4.121,66,49,74.24,0.0061,7.499
2284,Vanishing Act,4.121,66,54,81.82,0.0061,7.499
2285,Reliquary,3.987,76,55,72.37,0.007,7.499
2286,The Life and Opinions of Tristram Shandy,4.121,66,49,74.24,0.0061,7.499
2287,Tristram Shandy,4.121,66,49,74.24,0.0061,7.499
2288,Zorro - A Novel,3.974,77,58,75.32,0.0071,7.497
2289,Blessings A Novel,3.926,81,57,70.37,0.0075,7.493
2290,Rosemary's Baby,4.197,61,49,80.33,0.0056,7.493
2291,ROSEMARY'S BABY.,4.197,61,49,80.33,0.0056,7.493
2292,Magic of Believing,4.197,61,49,80.33,0.0056,7.493
2293,Chesapeake Blue (Chesapeake Bay Series),4.197,61,49,80.33,0.0056,7.493
2294,Along This Way: The Autobiography of James Weldon Johnson,4.286,56,47,83.93,0.0052,7.492
2295,The Ox-Bow Incident,4.088,68,54,79.41,0.0063,7.492
2296,The Autobiography of an Ex-Coloured Man,4.286,56,47,83.93,0.0052,7.492
2297,Giant,4.286,56,40,71.43,0.0052,7.492
2298,The autobiography of an ex-coloured man,4.286,56,47,83.93,0.0052,7.492
2299,Tropic of Cancer,3.815,92,61,66.3,0.0085,7.492
2300,Autobiography of an Ex-Colored Man (Norton Critical Editions),4.286,56,47,83.93,0.0052,7.492
2301,Along this way: The autobiography of James Weldon Johnson,4.286,56,47,83.93,0.0052,7.492
2302,Jack: Straight from the Gut,3.915,82,55,67.07,0.0076,7.492
2303,Othello,3.915,82,62,75.61,0.0076,7.492
2304,Zodiac,4.057,70,54,77.14,0.0065,7.486
2305,Reflections in a Golden Eye,4.263,57,48,84.21,0.0053,7.486
2306,Portnoy's complaint,4.057,70,52,74.29,0.0065,7.486
2307,Wittgenstein's Poker: The Story of a Ten-Minute Argument Between Two Great Philosophers,4.263,57,48,84.21,0.0053,7.486
2308,The Happiest Baby on the Block: The New Way to Calm Crying and Help Your Newborn Baby Sleep Longer,4.34,53,42,79.25,0.0049,7.483
2309,Billy Bathgate,4.4,50,42,84.0,0.0046,7.475
2310,Darkest Fear : A Myron Bolitar Novel,4.315,54,45,83.33,0.005,7.475
2311,Resurrection Day,3.771,96,64,66.67,0.0089,7.475
2312,Nostromo,4.315,54,44,81.48,0.005,7.475
2313,DEEP SOUTH.,4.4,50,43,86.0,0.0046,7.475
2314,Don't Stop the Carnival,4.4,50,44,88.0,0.0046,7.475
2315,A Bend in the River,4.22,59,45,76.27,0.0055,7.474
2316,"Bright Lights, Big City",3.787,94,66,70.21,0.0087,7.473
2317,The Mind of the South,4.2,60,48,80.0,0.0055,7.468
2318,The Chamber,3.86,86,59,68.6,0.008,7.468
2319,Changing Habits,4.2,60,45,75.0,0.0055,7.468
2320,Shirley,4.2,60,46,76.67,0.0055,7.468
2321,Imitation in Death,4.373,51,46,90.2,0.0047,7.466
2322,Imitation in Death (In Death #17),4.373,51,46,90.2,0.0047,7.466
2323,Hide,4.074,68,57,83.82,0.0063,7.465
2324,The Battle for God,4.058,69,49,71.01,0.0064,7.462
2325,The anatomy of melancholy,4.161,62,50,80.65,0.0057,7.459
2326,The Search: How Google and Its Rivals Rewrote the Rules of Business and Transformed Our Culture,4.346,52,45,86.54,0.0048,7.458
2327,"Assassins: Left Behind, Volume 6",3.753,97,64,65.98,0.009,7.456
2328,"Leviathan or the Matter,Forme and Power of a Commonwealth Ecclesiastical Civil",4.0,73,52,71.23,0.0068,7.453
2329,"Leviathan: Or the Matter, Forme and Power of a Commonwealth Ecclesiasticall and Civil",4.0,73,52,71.23,0.0068,7.453
2330,"Leviathan: or, The matter, form, and power of a commonwealth, ecclesiastical and civil (His: English works)",4.0,73,52,71.23,0.0068,7.453
2331,"Leviathan, Parts I and II",4.0,73,52,71.23,0.0068,7.453
2332,Hobbes's Leviathan,4.0,73,52,71.23,0.0068,7.453
2333,"Leviathan: Or, The matter, forme and power of a commonwealth, ecclesiasticall and civil",4.0,73,52,71.23,0.0068,7.453
2334,Magic Kingdom for Sale,4.125,64,49,76.56,0.0059,7.45
2335,Go Tell it on the Mountain.,3.961,76,56,73.68,0.007,7.449
2336,Cathedral,4.224,58,49,84.48,0.0054,7.449
2337,Go Tell It on the Mountain (Great Books of the 20th Century),3.961,76,56,73.68,0.007,7.449
2338,Salem Falls,3.869,84,55,65.48,0.0078,7.445
2339,The General's Daughter,4.203,59,46,77.97,0.0055,7.444
2340,"War in a Time of Peace: Bush, Clinton, and the Generals",4.296,54,46,85.19,0.005,7.443
2341,"War In A Time Of Peace - Bush, Clinton, And The Generals",4.296,54,46,85.19,0.005,7.443
2342,In His Image: Book One of The Christ Clone Trilogy,4.075,67,47,70.15,0.0062,7.441
2343,Inside The Kingdom: My Life In Saudi Arabia,4.183,60,49,81.67,0.0055,7.439
2344,Running Blind,3.508,132,75,56.82,0.0122,7.438
2345,Visitor,3.508,132,75,56.82,0.0122,7.438
2346,A is for Alibi (SIGNED),3.727,99,64,64.65,0.0092,7.438
2347,The Postman (Bookcassette(r) Edition),4.059,68,51,75.0,0.0063,7.438
2348,"""A"" IS FOR ALIBI",3.727,99,64,64.65,0.0092,7.438
2349,"The Secret of the Old Clock (Nancy Drew, Book 1)",4.043,69,55,79.71,0.0064,7.435
2350,The Two Princesses of Bamarre,4.353,51,44,86.27,0.0047,7.433
2351,The Great War: Breakthroughs,4.029,70,56,80.0,0.0065,7.433
2352,"Apollyon: Left Behind, Volume 5",3.758,95,63,66.32,0.0088,7.432
2353,The education of Henry Adams: An autobiography,3.766,94,62,65.96,0.0087,7.431
2354,Summerhouse,4.25,56,46,82.14,0.0052,7.43
2355,The Summerhouse,4.25,56,46,82.14,0.0052,7.43
2356,"The Black Book of Communism: Crimes, Terror, Repression",4.25,56,47,83.93,0.0052,7.43
2357,Smashed: Story of a Drunken Girlhood,3.548,124,78,62.9,0.0115,7.428
2358,The Merry Adventures of Robin Hood (Illustrated Classic Editions),4.327,52,44,84.62,0.0048,7.425
2359,Merry adventures of Robin Hood: Of great renown in Nottinghamshire,4.327,52,44,84.62,0.0048,7.425
2360,"The merry adventures of Robin Hood of great renown, in Nottinghamshire",4.327,52,44,84.62,0.0048,7.425
2361,The Merry Adventures of Robin Hood,4.327,52,44,84.62,0.0048,7.425
2362,"Merry Adventures of Robin Hood of Great Renown, in Nottinghamshire",4.327,52,44,84.62,0.0048,7.425
2363,"The Merry Adventures of Robin Hood (Illustrated Classic Editions, 4513)",4.327,52,44,84.62,0.0048,7.425
2364,The Merry Adventures of Robin Hood (Golden illustrated classics),4.327,52,44,84.62,0.0048,7.425
2365,The Life of Elizabeth I,4.327,52,45,86.54,0.0048,7.425
2366,Sunbird,3.837,86,60,69.77,0.008,7.423
2367,Chamber,3.847,85,58,68.24,0.0079,7.423
2368,"Winter's Heart (The Wheel of Time, Book 9)",3.277,184,87,47.28,0.017,7.422
2369,"Temple of the Winds (Sword of Truth, Book 4)",3.889,81,51,62.96,0.0075,7.422
2370,God's Gift to Women: A Novel,4.207,58,47,81.03,0.0054,7.419
2371,Nostromo: A tale of the seaboard,4.302,53,43,81.13,0.0049,7.418
2372,Nostromo: A Tale of the Seaboard,4.302,53,43,81.13,0.0049,7.418
2373,Nostromo: A Tale of the Seaboard (Collected Works of Joseph Conrad),4.302,53,43,81.13,0.0049,7.418
2374,NOSTROMO (Bantam Classic),4.302,53,43,81.13,0.0049,7.418
2375,Dying to Please,4.044,68,46,67.65,0.0063,7.411
2376,Zero: The Biography of a Dangerous Idea,4.167,60,48,80.0,0.0055,7.409
2377,Goodbye Columbus,4.148,61,49,80.33,0.0056,7.405
2378,"Goodbye Columbus (Bantam Books, N4664)",4.148,61,49,80.33,0.0056,7.405
2379,"Goodbye, Columbus,: And five short stories (Meridian fiction)",4.148,61,49,80.33,0.0056,7.405
2380,"Leviathan;: Or, The matter, forme and power of a commonwealth, ecclesiasticall and civil (Collier classics in the history of thought)",3.986,72,51,70.83,0.0067,7.404
2381,"Leviathan: Or the matter, forme and power of a commonwealth, ecclesiasticall and civil (Blackwell's political texts)",3.986,72,51,70.83,0.0067,7.404
2382,Kidnapped,4.255,55,43,78.18,0.0051,7.404
2383,Kidnapped the Adventures of David Balfour,4.255,55,43,78.18,0.0051,7.404
2384,Wide Sargasso Sea (Turtleback School & Library Binding Edition) (Norton Paperback Fiction),3.947,75,54,72.0,0.0069,7.4
2385,The Hot Kid : A Novel,4.232,56,47,83.93,0.0052,7.399
2386,Night Soldiers,4.333,51,45,88.24,0.0047,7.399
2387,Just One Look,3.657,105,65,61.9,0.0097,7.392
2388,Tales of the City,4.308,52,43,82.69,0.0048,7.392
2389,False Colours,4.308,52,42,80.77,0.0048,7.392
2390,Rare Earth: Why Complex Life Is Uncommon in the Universe,4.19,58,49,84.48,0.0054,7.388
2391,Rare Earth: Why Complex Life is Uncommon in the Universe,4.19,58,49,84.48,0.0054,7.388
2392,The Wonderful Wizard of Oz (Lrs Large Print Heritage Series),4.283,53,42,79.25,0.0049,7.385
2393,The Survivors Club,4.283,53,43,81.13,0.0049,7.385
2394,The art of war: The oldest military treatise in the world,4.283,53,42,79.25,0.0049,7.385
2395,The Wonderful Wizard of Oz (Oxford World's Classics),4.283,53,42,79.25,0.0049,7.385
2396,Wizard of Oz,4.283,53,42,79.25,0.0049,7.385
2397,The Murder at the Vicarage,4.169,59,46,77.97,0.0055,7.384
2398,The Murder at the vicarage;: A detective story,4.169,59,46,77.97,0.0055,7.384
2399,The Bell Curve : Intelligence and Class Structure in American Life/Cassettes...,4.029,68,47,69.12,0.0063,7.384
2400,The Murder at the Vicarage (Agatha Christie Mysteries Collection),4.169,59,46,77.97,0.0055,7.384
2401,Yours Until Dawn,4.15,60,46,76.67,0.0055,7.379
2402,Delta of Venus,3.972,72,52,72.22,0.0067,7.378
2403,The African Queen,3.814,86,58,67.44,0.008,7.378
2404,Jamaica Inn,3.946,74,56,75.68,0.0068,7.376
2405,Love & Respect: The Love She Most Desires; The Respect He Desperately Needs,4.131,61,47,77.05,0.0056,7.375
2406,"The Shop on Blossom Street (Blossom Street, No. 1)",4.34,50,44,88.0,0.0046,7.374
2407,The Far Side of the World,3.897,78,50,64.1,0.0072,7.374
2408,Feed,4.236,55,44,80.0,0.0051,7.373
2409,Relativity: The special and the general theory,4.078,64,48,75.0,0.0059,7.366
2410,Relativity: the Special and General Theory,4.078,64,48,75.0,0.0059,7.366
2411,Unlimited Power: The New Science of Personal Achievement,4.314,51,42,82.35,0.0047,7.366
2412,The One Minute Millionaire: The Enlightened Way to Wealth,4.045,66,49,74.24,0.0061,7.361
2413,Three Junes,3.626,107,65,60.75,0.0099,7.359
2414,Mr. Midshipman Hornblower,4.288,52,43,82.69,0.0048,7.359
2415,Andrew Jackson: His Life and Times,4.288,52,45,86.54,0.0048,7.359
2416,House Atreides,3.492,128,72,56.25,0.0118,7.359
2417,The Murder At The Vicarage,4.172,58,45,77.59,0.0054,7.358
2418,Murder At the Vicarage,4.172,58,45,77.59,0.0054,7.358
2419,Anne Of Avonlea,4.264,53,42,79.25,0.0049,7.353
2420,Anne of Ingleside,4.264,53,42,79.25,0.0049,7.353
2421,Anne of Ingleside (Anne of Green Gables novels),4.264,53,42,79.25,0.0049,7.353
2422,"Catholicism and Fundamentalism: The Attack on ""Romanism"" by ""Bible Christians""",4.264,53,44,83.02,0.0049,7.353
2423,The High Crusade,4.097,62,56,90.32,0.0057,7.343
2424,In the Company of the Courtesan: A Novel,4.079,63,47,74.6,0.0058,7.34
2425,I and thou,4.32,50,42,84.0,0.0046,7.34
2426,The Master Butchers Singing Club,4.32,50,42,84.0,0.0046,7.34
2427,Xenocide (Ender Wiggins Saga (Paperback)),3.542,118,65,55.08,0.0109,7.339
2428,The Immoralist,4.062,64,52,81.25,0.0059,7.338
2429,The Man from Stone Creek,4.294,51,39,76.47,0.0047,7.333
2430,"(ESV) English Standard Version Large Print Bible. Premium Bonded Leather, Black, Red Letter Text (English Language)",4.175,57,43,75.44,0.0053,7.332
2431,"Words That Work: It's Not What You Say, It's What People Hear",3.81,84,60,71.43,0.0078,7.331
2432,"A Wild Sheep Chase: A Novel (Contemporary Fiction, Plume)",4.155,58,46,79.31,0.0054,7.327
2433,"I, the Jury",4.269,52,42,80.77,0.0048,7.326
2434,The Skylark of Space,4.269,52,42,80.77,0.0048,7.326
2435,Don't Go to the Cosmetics Counter Without Me: An Eye-Opening Guide to Brand-Name Cosmetics (Don't Go to the Cosmetic Counter Without Me),4.136,59,46,77.97,0.0055,7.324
2436,The Conspiracy Club,3.159,207,81,39.13,0.0191,7.317
2437,Drop City,4.098,61,50,81.97,0.0056,7.317
2438,The Sound of Waves,4.222,54,48,88.89,0.005,7.315
2439,"A Message to Garcia: Being a Faithful Reproduction of His Original Manuscript, Done into a Portfolio",4.179,56,45,80.36,0.0052,7.305
2440,"Look Homeward, Angel - A Story Of The Buried Life",3.817,82,56,68.29,0.0076,7.305
2441,"Look Homeward, Angel",3.817,82,56,68.29,0.0076,7.305
2442,"Look Homeward, Angel: A Play",3.817,82,56,68.29,0.0076,7.305
2443,A Mist of Prophecies,4.179,56,44,78.57,0.0052,7.305
2444,A Message to Garcia,4.179,56,45,80.36,0.0052,7.305
2445,A message to Garcia,4.179,56,45,80.36,0.0052,7.305
2446,Killer Inside Me,4.158,57,44,77.19,0.0053,7.301
2447,Agnes Grey (The Works of Anne Bronte),4.158,57,49,85.96,0.0053,7.301
2448,The Perfect Husband,3.957,70,50,71.43,0.0065,7.301
2449,Agnes Grey (Barnes & Noble Classics Series),4.158,57,49,85.96,0.0053,7.301
2450,Purple Cow: Transform Your Business by Being Remarkable,4.138,58,47,81.03,0.0054,7.297
2451,The Painted Bird,4.138,58,46,79.31,0.0054,7.297
2452,"Grave Sight (Harper Connelly Mysteries, Book 1)",3.75,88,56,63.64,0.0081,7.292
2453,Shadowland,4.1,60,46,76.67,0.0055,7.29
2454,Light a Penny Candle,4.065,62,46,74.19,0.0057,7.285
2455,The Cold War: A New History,4.204,54,41,75.93,0.005,7.282
2456,Being and Nothingness,4.031,64,48,75.0,0.0059,7.281
2457,The Moviegoer,3.835,79,52,65.82,0.0073,7.278
2458,Bellwether,4.182,55,44,80.0,0.0051,7.278
2459,The Wapshot Chronicle,3.868,76,54,71.05,0.007,7.276
2460,Bookends: A Novel,3.917,72,49,68.06,0.0067,7.275
2461,"The Outlaw Sea: A World of Freedom, Chaos, and Crime",3.917,72,54,75.0,0.0067,7.275
2462,The Valley of Fear,4.28,50,38,76.0,0.0046,7.272
2463,An Autobiography: The story of my experiments with truth,4.255,51,45,88.24,0.0047,7.266
2464,The Rough Riders,4.255,51,45,88.24,0.0047,7.266
2465,An autobiography: The story of my experiments with truth,4.255,51,45,88.24,0.0047,7.266
2466,Falling Awake,3.442,129,72,55.81,0.0119,7.264
2467,Gone,4.102,59,46,77.97,0.0055,7.263
2468,The Sword of Shannara,3.342,149,79,53.02,0.0138,7.263
2469,"Ilse Witch (The Voyage of the Jerle Shannara, Book 1)",4.083,60,43,71.67,0.0055,7.261
2470,Voyage of the Jerle Shannara 1: Ilse Witch (Bk.1),4.083,60,43,71.67,0.0055,7.261
2471,"On the origin of species by means of natural selection, or The preservation of favoured races in the struggle for life",4.231,52,40,76.92,0.0048,7.26
2472,Night Embrace [NIGHT EMBRACE] [Mass Market Paperback],4.032,63,46,73.02,0.0058,7.254
2473,Ravelstein,3.833,78,52,66.67,0.0072,7.253
2474,Monster,3.867,75,46,61.33,0.0069,7.25
2475,Sons and Lovers,4.143,56,43,76.79,0.0052,7.242
2476,Sons and Lovers (Classic boos on Cassettes Collection) [UNANBRIDGED],4.143,56,43,76.79,0.0052,7.242
2477,Keynotes-Sons & Lvrs,4.143,56,43,76.79,0.0052,7.242
2478,The Summons,3.016,252,97,38.49,0.0233,7.242
2479,Inherit the Wind,4.143,56,46,82.14,0.0052,7.242
2480,More Than a Carpenter,4.123,57,46,80.7,0.0053,7.239
2481,"1,000 Places to See Before You Die: A Traveler's Life List",3.78,82,50,60.98,0.0076,7.235
2482,Can't Wait to Get to Heaven: A Novel,4.085,59,45,76.27,0.0055,7.233
2483,Soul on ice,3.8,80,52,65.0,0.0074,7.232
2484,"The Naked Lunch, 1st Edition",3.8,80,51,63.75,0.0074,7.232
2485,Jim Cramer's Real Money: Sane Investing in an Insane World,4.049,61,48,78.69,0.0056,7.229
2486,A Stir of Echoes,3.821,78,52,66.67,0.0072,7.229
2487,Case Closed: Lee Harvey Oswald and the Assassination of JFK,3.646,96,61,63.54,0.0089,7.227
2488,The effect of underclass social isolation on schooling choice (Discussion paper / Institute for Research on Poverty),3.646,96,61,63.54,0.0089,7.227
2489,"Capitalism, the unknown ideal",4.0,64,47,73.44,0.0059,7.225
2490,Capitalism: The Unknown Ideal (Signet),4.0,64,47,73.44,0.0059,7.225
2491,Capitalism : The Unknown Ideal (Library Edition),4.0,64,47,73.44,0.0059,7.225
2492,Debt of Honor,3.985,65,49,75.38,0.006,7.224
2493,Thirty-Nine Steps (Simple English),3.914,70,57,81.43,0.0065,7.222
2494,The Basque History of the World,3.941,68,44,64.71,0.0063,7.222
2495,Devil's Bride (Cynster Novels),4.167,54,41,75.93,0.005,7.218
2496,"The devil's dictionary,",4.167,54,43,79.63,0.005,7.218
2497,The devil's dictionary (Forum books),4.167,54,43,79.63,0.005,7.218
2498,The devil's dictionary,4.167,54,43,79.63,0.005,7.218
2499,The devil's dictionary (The 100 greatest masterpieces of American literature),4.167,54,43,79.63,0.005,7.218
2500,"Death of Vishnu, the",4.167,54,44,81.48,0.005,7.218
2501,The Devil's Dictionary (Large Print),4.167,54,43,79.63,0.005,7.218
2502,The Story of Mankind,3.324,148,76,51.35,0.0137,7.215
2503,Deadhouse Gates,4.125,56,43,76.79,0.0052,7.211
2504,Deadhouse Gates : A Tale of Malazan Book of the Fallen,4.125,56,43,76.79,0.0052,7.211
2505,"Mein Kampf (Sentry Editions Series, Volume SE13)",3.778,81,49,60.49,0.0075,7.21
2506,The New York Trilogy (City of Glass/Ghosts/The Locked Room),4.105,57,42,73.68,0.0053,7.208
2507,God Don't Like Ugly,4.105,57,44,77.19,0.0053,7.208
2508,The Center of Everything : A Novel,4.086,58,47,81.03,0.0054,7.206
2509,NIGHTMARES AND DREAMSCAPES,4.24,50,43,86.0,0.0046,7.204
2510,Kingdom Coming: The Rise of Christian Nationalism,4.24,50,41,82.0,0.0046,7.204
2511,The Mammoth Cheese,3.6,100,60,60.0,0.0092,7.2
2512,Jimmy Corrigan: The smartest kid on earth : souvenir book of views (Acme novelty library),4.216,51,37,72.55,0.0047,7.199
2513,"The new How I made $2,000,000 in the stock market",3.969,65,46,70.77,0.006,7.196
2514,"How I Made $2,000,000 In The Stock Market",3.969,65,46,70.77,0.006,7.196
2515,Hard Times (Structural Readers),3.926,68,48,70.59,0.0063,7.195
2516,Hard Times (Bantam Classics),3.926,68,48,70.59,0.0063,7.195
2517,Hard Times for These Times.,3.926,68,48,70.59,0.0063,7.195
2518,2010: Odyssey Two,4.192,52,43,82.69,0.0048,7.194
2519,P is for Peril (Abridged AudioBook),3.67,91,53,58.24,0.0084,7.19
2520,Wise blood,4.17,53,41,77.36,0.0049,7.19
2521,How to Talk to a Liberal (If You Must): The World According to Ann Coulter,3.152,191,96,50.26,0.0177,7.189
2522,Nothing Like It in the World - The Men Who Built the Transcontinental Railroad 1863 - 1869,3.632,95,56,58.95,0.0088,7.182
2523,Will They Ever Trust Us Again?: Letters From the War Zone,4.107,56,43,76.79,0.0052,7.18
2524,Will They Ever Trust Us Again?,4.107,56,43,76.79,0.0052,7.18
2525,The 5th Horseman (Women's Murder Club),3.596,99,53,53.54,0.0092,7.176
2526,"South of the Border, West of the Sun: A Novel",4.051,59,44,74.58,0.0055,7.173
2527,The Falcon at the Portal (Amelia Peabody Mysteries),4.033,60,46,76.67,0.0055,7.172
2528,"Specials (Uglies Trilogy, Book 3)",4.0,62,46,74.19,0.0057,7.17
2529,Haunted,3.431,123,65,52.85,0.0114,7.17
2530,"The Butlerian Jihad (Legends of Dune, Book 1)",3.044,226,88,38.94,0.0209,7.166
2531,"On liberty,",4.196,51,41,80.39,0.0047,7.165
2532,On liberty (Ariel booklets),4.196,51,41,80.39,0.0047,7.165
2533,Coyote Blue,4.173,52,43,82.69,0.0048,7.161
2534,Retribution,4.151,53,44,83.02,0.0049,7.157
2535,"The Great Mortality : An Intimate History of the Black Death, the Most Devastating Plague of All Time",4.151,53,43,81.13,0.0049,7.157
2536,Spell of the Highlander,4.109,55,42,76.36,0.0051,7.151
2537,Babbitt,4.109,55,43,78.18,0.0051,7.151
2538,Chasing Destiny,4.089,56,44,78.57,0.0052,7.149
2539,The Hidden Messages in Water,4.089,56,44,78.57,0.0052,7.149
2540,The Key to Rebecca,4.089,56,48,85.71,0.0052,7.149
2541,God's Politics LP,3.732,82,55,67.07,0.0076,7.142
2542,"Dark Magic (The Carpathians (Dark) Series, Book 4)",3.924,66,46,69.7,0.0061,7.14
2543,The Orchid Thief,3.924,66,50,75.76,0.0061,7.14
2544,By the Light of the Moon,3.57,100,59,59.0,0.0092,7.14
2545,Brick Lane,3.741,81,54,66.67,0.0075,7.139
2546,Anil's Ghost,3.617,94,53,56.38,0.0087,7.137
2547,The Passion of Artemisia,4.176,51,42,82.35,0.0047,7.132
2548,The Inheritors,3.769,78,51,65.38,0.0072,7.132
2549,Cats Eye,4.154,52,42,80.77,0.0048,7.128
2550,A Star Called Henry,4.154,52,42,80.77,0.0048,7.128
2551,The Mirror Crack'd,4.132,53,38,71.7,0.0049,7.125
2552,The art of cross-examination,4.111,54,42,77.78,0.005,7.122
2553,This Immortal,4.111,54,40,74.07,0.005,7.122
2554,"The art of cross-examination,",4.111,54,42,77.78,0.005,7.122
2555,Moll Flanders (Norton Critical Editions Series),3.822,73,44,60.27,0.0068,7.121
2556,Moll Flanders (Bantam Classic),3.822,73,44,60.27,0.0068,7.121
2557,The Fortunes and Misfortunes of the Famous Moll Flanders,3.822,73,44,60.27,0.0068,7.121
2558,Area 7,3.448,116,64,55.17,0.0107,7.119
2559,44 Scotland Street,4.071,56,44,78.57,0.0052,7.118
2560,All He Ever Wanted,3.72,82,54,65.85,0.0076,7.118
2561,All He Ever Wanted : A Novel,3.72,82,54,65.85,0.0076,7.118
2562,The Keep,4.053,57,43,75.44,0.0053,7.116
2563,Ringworld,3.659,88,53,60.23,0.0081,7.115
2564,The Kitchen Boy: A Novel of the Last Tsar,4.017,59,43,72.88,0.0055,7.113
2565,The Kitchen Boy,4.017,59,43,72.88,0.0055,7.113
2566,Murder on the Leviathan,4.0,60,46,76.67,0.0055,7.113
2567,Cop Hater,3.968,62,47,75.81,0.0057,7.112
2568,Texas Fury (Texas Series),3.923,65,45,69.23,0.006,7.112
2569,"Tribulation Force: Left Behind, Volume 2",3.305,141,72,51.06,0.013,7.103
2570,A Gathering of Spies,3.633,90,57,63.33,0.0083,7.1
2571,Pale Horse Coming,4.157,51,41,80.39,0.0047,7.098
2572,Women,4.135,52,41,78.85,0.0048,7.095
2573,Chariots of the gods? Unsolved Mysteries of the Past,3.468,111,62,55.86,0.0103,7.094
2574,Chariots of the Gods?,3.468,111,62,55.86,0.0103,7.094
2575,Chariots of the Gods,3.468,111,62,55.86,0.0103,7.094
2576,Chariots of the Gods? Unsolved Mysteries of the Past,3.468,111,62,55.86,0.0103,7.094
2577,"Dark Gold (The Carpathians (Dark) Series, Book 3)",4.093,54,40,74.07,0.005,7.09
2578,Trojan Odyssey: A Dirk Pitt Novel,3.354,130,62,47.69,0.012,7.09
2579,A Great Deliverence,4.073,55,40,72.73,0.0051,7.088
2580,The 39 Steps,3.881,67,54,80.6,0.0062,7.086
2581,Call It Courage (T514),3.967,61,44,72.13,0.0056,7.083
2582,Call it Courage,3.967,61,44,72.13,0.0056,7.083
2583,Farnham's Freehold,3.491,106,54,50.94,0.0098,7.069
2584,Garden of Beasts: A Novel of Berlin 1936,3.817,71,49,69.01,0.0066,7.066
2585,The Big Bad Wolf,3.385,122,60,49.18,0.0113,7.063
2586,Fiona Range,4.074,54,38,70.37,0.005,7.058
2587,Dawn,3.921,63,46,73.02,0.0058,7.055
2588,Useful Idiots - How Liberals Got It Wrong in the Cold War and Still Blame America,3.906,64,45,70.31,0.0059,7.055
2589,Consilience (University Press Audiobooks),3.921,63,45,71.43,0.0058,7.055
2590,Live and let die,4.036,56,43,76.79,0.0052,7.055
2591,Protect and Defend : A Novel,4.036,56,44,78.57,0.0052,7.055
2592,The Analyst,3.935,62,44,70.97,0.0057,7.054
2593,Last Man Standing,3.414,116,59,50.86,0.0107,7.048
2594,Beyond the Highland Mist,3.77,74,47,63.51,0.0068,7.048
2595,Mammoth Hunters (Earths Children 3),3.77,74,47,63.51,0.0068,7.048
2596,"What to Expect When You're Expecting, 3rd Edition",3.395,119,60,50.42,0.011,7.046
2597,Death Du Jour : A Novel,3.647,85,52,61.18,0.0079,7.037
2598,Death du Jour,3.647,85,52,61.18,0.0079,7.037
2599,"New Spring - The Novel - The Wheel Of Time, In The Beginning",3.421,114,64,56.14,0.0105,7.037
2600,You Cannot Be Serious,3.718,78,48,61.54,0.0072,7.035
2601,Gerald's Game,3.564,94,53,56.38,0.0087,7.032
2602,Judas Unchained,4.118,51,37,72.55,0.0047,7.031
2603,The Magic Barrel,4.118,51,39,76.47,0.0047,7.031
2604,Elephants Can Remember,3.205,156,76,48.72,0.0144,7.029
2605,Flow: The Psychology of Optimal Experience.,4.075,53,41,77.36,0.0049,7.027
2606,The Holocaust Industry: Reflections on the Exploitation of Jewish Suffering,4.056,54,41,75.93,0.005,7.026
2607,"Desecration: Left Behind, Volume 9",3.747,75,51,68.0,0.0069,7.025
2608,Tenth Circle,3.323,130,57,43.85,0.012,7.025
2609,"Tales of the south Pacific,",4.018,56,40,71.43,0.0052,7.024
2610,Tales of the South Pacific (Cardinal edition),4.018,56,40,71.43,0.0052,7.024
2611,Tales of the South Pacific Tales of the South Pacific,4.018,56,40,71.43,0.0052,7.024
2612,Violets Are Blue (Read by Daniel Whitner & Kevin O'Rourke),3.163,166,67,40.36,0.0154,7.021
2613,Violets Are Blue,3.163,166,67,40.36,0.0154,7.021
2614,Bobos in Paradise - the New Upper Class and How They Got There,3.589,90,61,67.78,0.0083,7.014
2615,The Rise of Silas Lapham,3.824,68,44,64.71,0.0063,7.007
2616,FOUR PAST MIDNIGHT,4.12,50,38,76.0,0.0046,7.0
2617,Star Wars: Labyrinth of Evil,4.12,50,39,78.0,0.0046,7.0
2618,"""C"" is for Corpse (A Kinsey Millhone mystery, Book 3)",4.12,50,36,72.0,0.0046,7.0
2619,The Colorado Kid,3.266,139,71,51.08,0.0129,6.999
2620,Bittersweet Rain,3.667,81,54,66.67,0.0075,6.998
2621,"Immanuel Kant's Critique of pure reason,",4.098,51,39,76.47,0.0047,6.998
2622,To Have and Have Not,3.903,62,42,67.74,0.0057,6.996
2623,For Your Eyes Only,4.077,52,40,76.92,0.0048,6.996
2624,The Virtues of War: A Novel of Alexander the Great,4.057,53,41,77.36,0.0049,6.995
2625,Down Came the Rain: My Journey Through Postpartum Depression,4.057,53,42,79.25,0.0049,6.995
2626,The Traveler's Gift,4.057,53,39,73.58,0.0049,6.995
2627,NOBODY'S BABY BUT MINE (BONNER FAMILY),3.933,60,46,76.67,0.0055,6.994
2628,"Life, the Universe and Everything",3.933,60,42,70.0,0.0055,6.994
2629,"Life, the universe and everything",3.933,60,42,70.0,0.0055,6.994
2630,The black arrow: A tale of the two roses (The biographical edition of the works of Robert Louis Stevenson),4.037,54,44,81.48,0.005,6.994
2631,Outbound Flight (Star Wars),4.037,54,39,72.22,0.005,6.994
2632,The Black Arrow,4.037,54,44,81.48,0.005,6.994
2633,The black arrow: A tale of the two roses,4.037,54,44,81.48,0.005,6.994
2634,The Greek Myths,4.0,56,40,71.43,0.0052,6.993
2635,The Greek myths,4.0,56,40,71.43,0.0052,6.993
2636,An Equal Music,4.0,56,41,73.21,0.0052,6.993
2637,The Bartered Bride,3.74,73,48,65.75,0.0068,6.968
2638,Saint Joan,4.1,50,40,80.0,0.0046,6.966
2639,Arrogance: Rescuing America from the Media Elite,3.902,61,47,77.05,0.0056,6.966
2640,Trails plowed under,4.1,50,40,80.0,0.0046,6.966
2641,A Bride Most Begrudging,4.078,51,42,82.35,0.0047,6.964
2642,Diplomatic Immunity,4.078,51,39,76.47,0.0047,6.964
2643,Whose Body?,4.038,53,41,77.36,0.0049,6.962
2644,Whose body?: A Lord Peter Wimsey novel,4.038,53,41,77.36,0.0049,6.962
2645,The Lost Painting: The Quest for a Caravaggio Masterpiece,4.019,54,41,75.93,0.005,6.962
2646,The Secret Agent,3.982,56,41,73.21,0.0052,6.962
2647,Night And Day (Classic Books on Cassettes Collection) [UNABRIDGED],3.806,67,42,62.69,0.0062,6.95
2648,Night And Day,3.806,67,42,62.69,0.0062,6.95
2649,Night and Day (Collected Works of Virginia Woolf),3.806,67,42,62.69,0.0062,6.95
2650,Night and Day,3.806,67,42,62.69,0.0062,6.95
2651,An essay concerning human understanding,3.818,66,48,72.73,0.0061,6.947
2652,Why Men Love Bitches: From Doormat to Dreamgirl - A Woman's Guide to Holding Her Own in a Relationship,3.857,63,43,68.25,0.0058,6.94
2653,The Winter Queen,3.857,63,45,71.43,0.0058,6.94
2654,Knife of Dreams (Wheel of Time),3.315,124,60,48.39,0.0115,6.939
2655,Thirteen Moons: A Novel,3.575,87,46,52.87,0.008,6.933
2656,Identity Crisis,4.08,50,38,76.0,0.0046,6.932
2657,"Flow My Tears, The Policeman Said",4.08,50,39,78.0,0.0046,6.932
2658,Stone of Farewell,4.08,50,37,74.0,0.0046,6.932
2659,"Stone of Farewell: Book Two of Memory, Sorrow and Thorn",4.08,50,37,74.0,0.0046,6.932
2660,Thuvia Maid of Mars,4.059,51,41,80.39,0.0047,6.931
2661,"Thuvia, Maid of Mars (Large Print)",4.059,51,41,80.39,0.0047,6.931
2662,"Thuvia, Maid of Mars",4.059,51,41,80.39,0.0047,6.931
2663,Thuvia Maid Of Mars,4.059,51,41,80.39,0.0047,6.931
2664,"Thuvia, Maid of Mars and the Chessmen of Mars: Library Edition",4.059,51,41,80.39,0.0047,6.931
2665,End of Poverty,3.964,56,40,71.43,0.0052,6.93
2666,The Wings of the Dove,4.038,52,38,73.08,0.0048,6.93
2667,Death in the Afternoon,4.0,54,46,85.19,0.005,6.93
2668,Thin Man (Classic Crime),4.038,52,38,73.08,0.0048,6.93
2669,Pirate (Hawke Series),3.368,114,60,52.63,0.0105,6.929
2670,Smilla's Sense of Snow,3.803,66,43,65.15,0.0061,6.92
2671,SMILLA'S SENSE OF SNOW.,3.803,66,43,65.15,0.0061,6.92
2672,Smila's Sense of Snow,3.803,66,43,65.15,0.0061,6.92
2673,Truth & Beauty,3.869,61,43,70.49,0.0056,6.907
2674,The Good German: A Novel,3.743,70,43,61.43,0.0065,6.906
2675,You Remind Me of Me,3.914,58,38,65.52,0.0054,6.902
2676,The Red Church,3.914,58,42,72.41,0.0054,6.902
2677,The Lost Continent,3.314,121,53,43.8,0.0112,6.902
2678,The vicar of Wakefield,3.765,68,56,82.35,0.0063,6.899
2679,The Light in the Forest,3.765,68,44,64.71,0.0063,6.899
2680,A Shilling for Candles,3.765,68,36,52.94,0.0063,6.899
2681,The Inheritance of Loss: A Novel (Man Booker Prize),3.625,80,46,57.5,0.0074,6.899
2682,Summer Moon,3.765,68,36,52.94,0.0063,6.899
2683,The natural,3.981,54,39,72.22,0.005,6.897
2684,Already Dead (A Joe Pitt Novel),4.0,53,41,77.36,0.0049,6.897
2685,"To Tame a Highland Warrior (The Highlander Series, Book 2)",4.019,52,36,69.23,0.0048,6.897
2686,Dragon's Kin (Dragonriders of Pern Series),3.788,66,40,60.61,0.0061,6.892
2687,Someone to Watch Over Me : A Novel,3.8,65,43,66.15,0.006,6.889
2688,Virgin Blue,3.708,72,44,61.11,0.0067,6.888
2689,Blood and Gold: The Vampire Marius (The Vampire Chronicles),3.739,69,41,59.42,0.0064,6.876
2690,Sanctuary,3.897,58,40,68.97,0.0054,6.871
2691,Slan,3.963,54,38,70.37,0.005,6.865
2692,"The Cases That Haunt Us: From Jack The Ripper To Jon Benet Ransey, The",4.0,52,41,78.85,0.0048,6.864
2693,Hot Springs,4.04,50,40,80.0,0.0046,6.864
2694,The Cyberiad,4.04,50,36,72.0,0.0046,6.864
2695,Merrick (Vampire Chronicles),3.479,94,48,51.06,0.0087,6.864
2696,The Cases That Haunt Us,4.0,52,41,78.85,0.0048,6.864
2697,Three Fates,4.04,50,36,72.0,0.0046,6.864
2698,"The Travels of Marco Polo, the Venetian",3.434,99,57,57.58,0.0092,6.854
2699,Joe DiMaggio: The Hero's Life,3.85,60,43,71.67,0.0055,6.846
2700,How to Marry a Marquis (Avon Romantic Treasure),3.864,59,39,66.1,0.0055,6.843
2701,Ten Days That Shook the World,3.615,78,51,65.38,0.0072,6.841
2702,London,3.746,67,46,68.66,0.0062,6.841
2703,Ticktock,3.769,65,43,66.15,0.006,6.833
2704,When The Wind Blows,3.402,102,53,51.96,0.0094,6.833
2705,"Kiss of the Night (Dark-Hunter, Book 5)",3.962,53,38,71.7,0.0049,6.832
2706,Nemesis,3.981,52,36,69.23,0.0048,6.831
2707,To Your Scattered Bodies Go,4.02,50,40,80.0,0.0046,6.83
2708,The Little Friend,3.246,126,59,46.83,0.0117,6.818
2709,Love Medicine,3.833,60,40,66.67,0.0055,6.816
2710,Grendel,3.833,60,37,61.67,0.0055,6.816
2711,"The Book of Mormon Another Testament of Jesus Christ (The Doctrine and Convenants of the Church of Jesus Christ of Latter-day Saints, The Pearl of Great Price)",3.392,102,54,52.94,0.0094,6.813
2712,THE BOOK OF MORMON: Another Testament of Jesus Christ,3.392,102,54,52.94,0.0094,6.813
2713,"Cerulean Sins (Anita Blake, Vampire Hunter, Book 11)",3.396,101,50,49.5,0.0093,6.807
2714,Back Story,3.926,54,40,74.07,0.005,6.801
2715,The Phenomenon of Man,3.926,54,40,74.07,0.005,6.801
2716,Buddhism Without Beliefs: A Contemporary Guide to Awakening,3.962,52,39,75.0,0.0048,6.798
2717,The Mother Tongue,3.582,79,50,63.29,0.0073,6.798
2718,Buddhism Without Beliefs,3.962,52,39,75.0,0.0048,6.798
2719,"Constructive anatomy,",4.0,50,40,80.0,0.0046,6.796
2720,Under Western Eyes,3.696,69,42,60.87,0.0064,6.796
2721,Constructive anatomy,4.0,50,40,80.0,0.0046,6.796
2722,How the Mind Works,3.817,60,41,68.33,0.0055,6.787
2723,The Book of Ruth,3.831,59,40,67.8,0.0055,6.783
2724,Captivating: unveiling the Mystery of a Woman's Soul,3.671,70,45,64.29,0.0065,6.774
2725,Captivating: Unveiling the Mystery of a Woman's Soul,3.671,70,45,64.29,0.0065,6.774
2726,Visions of Sugar Plums,3.376,101,51,50.5,0.0093,6.767
2727,Downsize This,3.942,52,37,71.15,0.0048,6.765
2728,Black Sunday,3.774,62,40,64.52,0.0057,6.765
2729,The Cement Garden,3.942,52,39,75.0,0.0048,6.765
2730,Enemy Women,3.98,50,35,70.0,0.0046,6.762
2731,Aesops Fables: A Classic Illustrated Edition (Classics Illustrated),3.98,50,36,72.0,0.0046,6.762
2732,"Women Who Make the World Worse : and How Their Radical Feminist Assault Is Ruining Our Schools, Families, Military, and Sports",3.98,50,37,74.0,0.0046,6.762
2733,forever,3.8,60,39,65.0,0.0055,6.757
2734,Let Freedom Ring: Winning the War of Liberty over Liberalism,3.281,114,64,56.14,0.0105,6.748
2735,"The interpretation of dreams,",3.388,98,56,57.14,0.0091,6.746
2736,Easy Prey,3.37,100,46,46.0,0.0092,6.74
2737,How to Make Love Like a Porn Star CD: A Cautionary Tale,3.746,63,43,68.25,0.0058,6.74
2738,Messenger,3.906,53,35,66.04,0.0049,6.734
2739,Desire of the Everlasting Hills: The World Before and After Jesus,3.906,53,38,71.7,0.0049,6.734
2740,The Bourne Supremacy,3.906,53,38,71.7,0.0049,6.734
2741,Sams Letters To Jennifer,3.374,99,48,48.48,0.0092,6.733
2742,Sam's Letters to Jennifer,3.374,99,48,48.48,0.0092,6.733
2743,"Bored of the Rings: A Parody of J.R.R. Tolkien's ""Lord of the Rings""",3.941,51,38,74.51,0.0047,6.73
2744,Nightfall,3.941,51,35,68.63,0.0047,6.73
2745,The Feminine Mystique,3.96,50,34,68.0,0.0046,6.728
2746,The everlasting man,3.643,70,44,62.86,0.0065,6.721
2747,The everlasting man (A Doubleday Image book),3.643,70,44,62.86,0.0065,6.721
2748,Before You Know Kindness,3.719,64,42,65.62,0.0059,6.717
2749,No Place Like Home,3.558,77,42,54.55,0.0071,6.713
2750,The Dirty Girls Social Club,3.839,56,37,66.07,0.0052,6.712
2751,THIRD SECRET: A Novel Of Suspense (H),3.385,96,51,53.12,0.0089,6.711
2752,"Morrigan's Cross (The Circle Trilogy, Book 1)",3.742,62,38,61.29,0.0057,6.707
2753,Case of Need,3.87,54,37,68.52,0.005,6.705
2754,A Case of Need,3.87,54,37,68.52,0.005,6.705
2755,The Art of War (The Leather-Bound Library of Military History),3.904,52,38,73.08,0.0048,6.699
2756,Prince Charming,3.767,60,42,70.0,0.0055,6.698
2757,The Last Town on Earth: A Novel,3.714,63,41,65.08,0.0058,6.683
2758,The Plains of Passage (Earth's Children (Prebound)),3.647,68,37,54.41,0.0063,6.683
2759,Song of Kali,3.657,67,41,61.19,0.0062,6.677
2760,Ringworld's Children,3.852,54,36,66.67,0.005,6.673
2761,TOBACCO ROAD a Play,3.868,53,37,69.81,0.0049,6.669
2762,Shadow Puppets (Shadow Saga 3),3.568,74,43,58.11,0.0068,6.669
2763,Tobacco Road (Signet),3.868,53,37,69.81,0.0049,6.669
2764,Shadow Puppets (Turtleback School & Library Binding Edition) (Ender's Shadow),3.568,74,43,58.11,0.0068,6.669
2765,Shadow Puppets,3.568,74,43,58.11,0.0068,6.669
2766,13 Little Blue Envelopes,3.92,50,36,72.0,0.0046,6.66
2767,Story of O,3.642,67,39,58.21,0.0062,6.65
2768,The story of O;: A novel,3.642,67,39,58.21,0.0062,6.65
2769,Island A Novel,3.849,53,34,64.15,0.0049,6.637
2770,Language Instinct (Talking Science),3.849,53,38,71.7,0.0049,6.637
2771,The Terminal Man.,3.609,69,36,52.17,0.0064,6.636
2772,The Stone Diaries,3.562,73,40,54.79,0.0068,6.636
2773,The Chocolate War,3.562,73,44,60.27,0.0068,6.636
2774,"Reefer Madness: Sex, Drugs, and Cheap Labor in the American Black Market",3.746,59,37,62.71,0.0055,6.633
2775,"Reefer Madness Sex, Drugs, and Cheap Labor in the American Black Market",3.746,59,37,62.71,0.0055,6.633
2776,World Lit Only By Fire,3.494,79,46,58.23,0.0073,6.63
2777,Across the River and Into the Trees,3.618,68,40,58.82,0.0063,6.629
2778,"The Way of the Superior Man : A Spiritual Guide to Mastering the Challenges of Women, Work, and Sexual Desire",3.882,51,34,66.67,0.0047,6.629
2779,A Crown Of Swords (Turtleback School & Library Binding Edition) (Wheel of Time (Pb)),3.5,78,42,53.85,0.0072,6.622
2780,Little Altars Everywhere,3.694,62,40,64.52,0.0057,6.62
2781,Last Precinct,3.234,111,51,45.95,0.0103,6.615
2782,Friday,3.846,52,37,71.15,0.0048,6.6
2783,Leap of Faith : Memoirs of an Unexpected Life,3.667,63,42,66.67,0.0058,6.598
2784,"City of Night (Dean Koontz's Frankenstein, Book 2)",3.88,50,33,66.0,0.0046,6.592
2785,The Turkish Gambit,3.88,50,40,80.0,0.0046,6.592
2786,Flu: The Story of the Great Influenza Pandemic of 1918 and the Search for the Virus that Caused It,3.754,57,40,70.18,0.0053,6.592
2787,A Cold Day for Murder (Kate Shugak Mystery),3.88,50,36,72.0,0.0046,6.592
2788,Ladder of Years,3.768,56,35,62.5,0.0052,6.587
2789,True Believer (Large Print),3.202,114,53,46.49,0.0105,6.586
2790,Icy Sparks,3.468,79,45,56.96,0.0073,6.582
2791,The Little Book That Beats the Market,3.651,63,41,65.08,0.0058,6.569
2792,Path of Daggers (Wheel of Time 08),3.007,153,55,35.95,0.0142,6.568
2793,9-11,3.661,62,43,69.35,0.0057,6.562
2794,War Of The Rats,3.737,57,39,68.42,0.0053,6.561
2795,Robber Bride,3.737,57,40,70.18,0.0053,6.561
2796,Unless : A Novel,3.86,50,36,72.0,0.0046,6.558
2797,World on Fire: How Exporting Free Market Democracy Breeds Ethnic Hatred and Global Instability,3.86,50,36,72.0,0.0046,6.558
2798,"Talk to the Hand: The Utter Bloody Rudeness of the World Today, or Six Good Reasons to Stay Home and Bolt the Door",3.615,65,43,66.15,0.006,6.554
2799,The Circular Staircase,3.778,54,33,61.11,0.005,6.545
2800,Girls' Poker Night: A Novel of High Stakes,3.792,53,35,66.04,0.0049,6.539
2801,Mothman Prophecies,3.645,62,38,61.29,0.0057,6.534
2802,The Mothman Prophecies,3.645,62,38,61.29,0.0057,6.534
2803,A Bride for Donnigan (Women of the West #7),3.824,51,39,76.47,0.0047,6.529
2804,False Impression,3.732,56,38,67.86,0.0052,6.524
2805,Remember When,3.372,86,42,48.84,0.008,6.523
2806,Beautiful Lies,3.559,68,39,57.35,0.0063,6.522
2807,Beautiful Lies: A Novel,3.559,68,39,57.35,0.0063,6.522
2808,The Family: The Real Story of the Bush Dynasty,3.609,64,43,67.19,0.0059,6.519
2809,The Dud Avocado,3.486,74,39,52.7,0.0068,6.517
2810,My Friend Leonard,3.619,63,41,65.08,0.0058,6.512
2811,The Paid Companion,3.82,50,33,66.0,0.0046,6.49
2812,Point Counter Point,3.65,60,33,55.0,0.0055,6.49
2813,Four Weddings and a Funeral (Penguin Longman Reader Level 5),3.727,55,38,69.09,0.0051,6.487
2814,New Latin grammar,3.552,67,36,53.73,0.0062,6.487
2815,The Seat of the Soul,3.418,79,41,51.9,0.0073,6.486
2816,The Heir (Reid Family Series),3.212,104,52,50.0,0.0096,6.478
2817,Herland,3.423,78,42,53.85,0.0072,6.477
2818,"Chainfire: Chainfire Trilogy, Part 1 (Sword of Truth, Book 9)",3.423,78,39,50.0,0.0072,6.477
2819,Excavation,3.522,69,40,57.97,0.0064,6.476
2820,Marker,3.613,62,39,62.9,0.0057,6.476
2821,N Is for Noose,3.755,53,29,54.72,0.0049,6.474
2822,Portrait of a Killer: Jack the Ripper - Case Closed,2.803,203,69,33.99,0.0188,6.468
2823,Brief History Of The Dead,3.623,61,36,59.02,0.0056,6.468
2824,The Photograph (Today Show Book Club #21),3.784,51,33,64.71,0.0047,6.462
2825,Bridges of Madison County,3.245,98,50,51.02,0.0091,6.461
2826,The Sunday Philosophy Club (Isabel Dalhousie Mysteries),3.297,91,40,43.96,0.0084,6.458
2827,Cousin Kate,3.8,50,30,60.0,0.0046,6.456
2828,The Looking Glass Wars,3.709,55,35,63.64,0.0051,6.455
2829,Why Do Men Have Nipples?,3.507,69,37,53.62,0.0064,6.449
2830,Pagan Christianity: The Origins of Our Modern Church Practices,3.515,68,37,54.41,0.0063,6.441
2831,Killing Time,2.728,228,74,32.46,0.0211,6.433
2832,Coldheart Canyon: A Hollywood Ghost Story,3.486,70,40,57.14,0.0065,6.431
2833,"And quiet flows the Don,",3.704,54,38,70.37,0.005,6.416
2834,Superstition,3.6,60,42,70.0,0.0055,6.401
2835,The Reality Dysfunction Part I: Emergence,3.6,60,35,58.33,0.0055,6.401
2836,Children of the Mind,3.341,82,36,43.9,0.0076,6.395
2837,Revenge of the Middle-aged Woman,3.745,51,34,66.67,0.0047,6.395
2838,Tell Me Your Dreams,3.395,76,40,52.63,0.007,6.385
2839,"Julie and Julia: 365 Days, 524 Recipes, 1 Tiny Apartment Kitchen: How One Girl Risked Her Marriage, Her Job, and Her ... Living",2.879,165,71,43.03,0.0153,6.384
2840,The Amber Room,3.5,66,37,56.06,0.0061,6.368
2841,Accelerando (Singularity),3.593,59,37,62.71,0.0055,6.363
2842,Skeleton Man (Joe Leaphorn/Jim Chee Novels),3.667,54,35,64.81,0.005,6.352
2843,Cuba Libre,3.567,60,36,60.0,0.0055,6.342
2844,"Oh, the Things I Know! A Guide to Success, or, Failing That, Happiness",3.586,58,30,51.72,0.0054,6.324
2845,The Mark: The Beast rules the world (Left Behind),3.441,68,36,52.94,0.0063,6.306
2846,Fascinating womanhood,2.74,200,80,40.0,0.0185,6.305
2847,Plan B: Further Thoughts on Faith: Further Thoughts on Faith,3.673,52,32,61.54,0.0048,6.303
2848,Lord John and the Private Matter,3.559,59,32,54.24,0.0055,6.303
2849,Picture Perfect,3.7,50,31,62.0,0.0046,6.286
2850,It's In His Kiss,3.579,57,31,54.39,0.0053,6.284
2851,"Weapons of Choice (The Axis of Time Trilogy, Book 1)",3.492,63,36,57.14,0.0058,6.283
2852,The Prometheus Deception,3.4,70,38,54.29,0.0065,6.273
2853,In the Night Room: A Novel,3.469,64,36,56.25,0.0059,6.265
2854,"House Corrino (Dune: House Trilogy, Book 3)",3.469,64,36,56.25,0.0059,6.265
2855,Widow's Walk (A Spenser Novel),3.611,54,31,57.41,0.005,6.256
2856,Blood Canticle,2.89,146,54,36.99,0.0135,6.256
2857,Rule by Secrecy,3.561,57,34,59.65,0.0053,6.253
2858,Dune: The Butlerian Jihad,3.044,113,44,38.94,0.0105,6.25
2859,Full House,2.822,163,61,37.42,0.0151,6.243
2860,The Secret History of the Pink Carnation,3.256,82,43,52.44,0.0076,6.232
2861,Secret History of the Pink Carnation,3.256,82,43,52.44,0.0076,6.232
2862,The Four Feathers,3.647,51,30,58.82,0.0047,6.228
2863,Ten days that shook the world,3.615,52,34,65.38,0.0048,6.204
2864,Every Breath You Take,3.409,66,35,53.03,0.0061,6.203
2865,The Darwin Awards: Evolution in Action,3.526,57,32,56.14,0.0053,6.192
2866,Point of origin,3.198,86,39,45.35,0.008,6.186
2867,Point of Origin,3.198,86,39,45.35,0.008,6.186
2868,Robert Ludlum's The Hades Factor : A Covert-One Novel,3.64,50,32,64.0,0.0046,6.184
2869,Stonehenge,3.596,52,33,63.46,0.0048,6.171
2870,The Sinister Pig,3.435,62,34,54.84,0.0057,6.158
2871,Puppet,3.406,64,40,62.5,0.0059,6.152
2872,Tracks,3.45,60,36,60.0,0.0055,6.135
2873,Stonehenge: A Novel of 2000 BC,3.588,51,32,62.75,0.0047,6.127
2874,Mirror Mirror,3.397,63,31,49.21,0.0058,6.112
2875,LOOKING BACKWARD,3.403,62,32,51.61,0.0057,6.1
2876,Looking Backward: 2000-1887 (Signet classics),3.403,62,32,51.61,0.0057,6.1
2877,Vittorio the Vampire: New Tales of the Vampires,3.474,57,30,52.63,0.0053,6.099
2878,Nights of Rain and Stars,3.474,57,31,54.39,0.0053,6.099
2879,Foundation and Earth,3.58,50,27,54.0,0.0046,6.082
2880,No Place Like Home: A Novel,3.354,65,31,47.69,0.006,6.08
2881,Black Wind: A Dirk Pitt Novel (Numa Files),3.354,65,38,58.46,0.006,6.08
2882,Black Wind: A Dirk Pitt Novel,3.354,65,38,58.46,0.006,6.08
2883,Blood Brother: 33 Reasons My Brother Scott Peterson Is Guilty,3.491,55,32,58.18,0.0051,6.075
2884,"Democracy and education;: An introduction to the philosophy of education, (Text-book series)",3.538,52,30,57.69,0.0048,6.072
2885,"The Shelters Of Stone - The Earth's Children Series, Book 5",2.765,153,41,26.8,0.0142,6.04
2886,"The Battle of Corrin (Legends of Dune, Book 3)",3.271,70,31,44.29,0.0065,6.036
2887,Dune: The Battle of Corrin,3.271,70,31,44.29,0.0065,6.036
2888,Kiss Me While I Sleep (Random House Large Print),3.349,63,33,52.38,0.0058,6.026
2889,Intruder in the Dust,3.0,102,48,47.06,0.0094,6.026
2890,"Farnham's freehold,: A novel,",3.491,53,27,50.94,0.0049,6.019
2891,Black Notice,2.892,120,42,35.0,0.0111,6.012
2892,Black Notice (Random House Large Print),2.892,120,42,35.0,0.0111,6.012
2893,Trump: How To Get Rich,3.421,57,28,49.12,0.0053,6.007
2894,Comes the Blind Fury,3.421,57,33,57.89,0.0053,6.007
2895,High Profile,3.5,52,31,59.62,0.0048,6.006
2896,Labyrinth,3.067,90,28,31.11,0.0083,5.993
2897,Bergdorf Blondes : A Novel,2.99,101,42,41.58,0.0093,5.993
2898,The Last Templar,2.824,131,38,29.01,0.0121,5.98
2899,Winter Moon,3.139,79,32,40.51,0.0073,5.957
2900,The Cat Who Saw Stars,3.393,56,26,46.43,0.0052,5.931
2901,The Prodigal Daughter,3.48,50,28,56.0,0.0046,5.912
2902,Black Creek Crossing (Brilliance Audio on Compact Disc),3.375,56,28,50.0,0.0052,5.9
2903,"23 Minutes In Hell: One Man's Story About What He Saw, Heard, and Felt in that Place of Torment",3.274,62,35,56.45,0.0057,5.869
2904,The Travels of Marco Polo the Venetian,3.44,50,29,58.0,0.0046,5.844
2905,The travels of Marco Polo: The Venetian,3.44,50,29,58.0,0.0046,5.844
2906,"The travels of Marco Polo,: The Venetian",3.44,50,29,58.0,0.0046,5.844
2907,The travels of Marco Polo (Everyman's library),3.44,50,29,58.0,0.0046,5.844
2908,A Trial by Jury,3.174,69,27,39.13,0.0064,5.836
2909,Red Rabbit,2.66,150,45,30.0,0.0139,5.788
2910,BEACH ROAD,2.988,86,35,40.7,0.008,5.781
2911,The Crock of Gold,3.4,50,25,50.0,0.0046,5.776
2912,The Geographer's Library,3.304,56,29,51.79,0.0052,5.775
2913,Exit to Eden,3.147,68,28,41.18,0.0063,5.767
2914,The Right Hand of Evil,2.977,86,30,34.88,0.008,5.759
2915,What Came Before He Shot Her,3.136,66,33,50.0,0.0061,5.707
2916,Sin Killer: Volume 1 of The Berrybender Narratives,3.18,61,29,47.54,0.0056,5.678
2917,The Nautical Chart,3.232,56,23,41.07,0.0052,5.65
2918,Nautical Chart,3.232,56,23,41.07,0.0052,5.65
2919,Coming of Age in Samoa,3.091,66,30,45.45,0.0061,5.624
2920,"Tenth Justice, The Low Price",3.222,54,25,46.3,0.005,5.582
2921,"The Dream-Hunter, Book Club Edition (dream-hunter, 1)",3.077,65,27,41.54,0.006,5.578
2922,Killing Time : A Novel,3.014,70,28,40.0,0.0065,5.562
2923,London Bridges,2.568,146,33,22.6,0.0135,5.559
2924,The Italian Secretary: a Further Adventure of Sherlock Holmes,3.117,60,26,43.33,0.0055,5.542
2925,The Number: A Completely Different Way to Think About the Rest of Your Life,3.0,70,28,40.0,0.0065,5.535
2926,The Secret Diaries of Miss Miranda Cheever,3.14,57,21,36.84,0.0053,5.514
2927,The Heir,3.212,52,26,50.0,0.0048,5.511
2928,Robert Ludlum's The Paris Option: A Covert-One Novel,2.717,106,36,33.96,0.0098,5.503
2929,The Saboteurs (Men at War Series),3.065,62,28,45.16,0.0057,5.493
2930,"Naked Empire (Sword of Truth, Book 8)",2.798,89,33,37.08,0.0082,5.454
2931,Truth or Dare,3.2,50,22,44.0,0.0046,5.437
2932,"Incubus Dreams (Anita Blake, Vampire Hunter, Book 12)",2.474,156,39,25.0,0.0144,5.427
2933,Riptide (FBI Thriller),2.868,76,30,39.47,0.007,5.395
2934,The Fig Eater,2.825,80,22,27.5,0.0074,5.376
2935,Full House (SIGNED),2.815,81,30,37.04,0.0075,5.372
2936,Olivia Joules and the Overactive Imagination,3.034,58,24,41.38,0.0054,5.351
2937,The Third Twin,3.096,52,22,42.31,0.0048,5.313
2938,"The Truth about Hillary (Clinton): What She Knew, When She Knew It, and How Far She'll Go to Become President",2.67,97,34,35.05,0.009,5.305
2939,Protocols of the Meetings of the Learned Elders of Zion,3.04,50,22,44.0,0.0046,5.165
2940,The Return,2.825,63,21,33.33,0.0058,5.084
2941,In America,2.926,54,24,44.44,0.005,5.069
2942,Full Tilt,2.94,50,19,38.0,0.0046,4.995
2943,Confessions of a Sociopathic Social Climber: The Katya Livingston Chronicles,2.846,52,16,30.77,0.0048,4.884
2944,"Crossroads of Twilight (The Wheel of Time, Book 10)",2.016,253,37,14.62,0.0234,4.844
2945,3001: The Final Odyssey (G K Hall Large Print Book Series),2.551,69,15,21.74,0.0064,4.69
2946,Robert Ludlum's Paris Option,2.717,53,18,33.96,0.0049,4.685
2947,Robert Ludlum's The Paris Option : A Covert-One Novel,2.717,53,18,33.96,0.0049,4.685
2948,Robert Ludlum's The Paris Option : A Covert-One Novel (A Covert-One Novel),2.717,53,18,33.96,0.0049,4.685
2949,Abduction,2.712,52,16,30.77,0.0048,4.653
2950,4 Blondes,2.376,85,21,24.71,0.0079,4.585
2951,Roman Catholicism,2.05,160,36,22.5,0.0148,4.518
2952,Predator (Kay Scarpetta Mysteries),2.22,100,19,19.0,0.0092,4.44
2953,The War on Christmas: How the Liberal Plot to Ban the Sacred Christian Holiday Is Worse Than You Thought,2.25,56,16,28.57,0.0052,3.933
2954,Shadowmancer [Signed and with Publisher's bookmark],2.218,55,10,18.18,0.0051,3.86
2955,The Bible Code,2.218,55,9,16.36,0.0051,3.86
2956,Shadowmancer,2.196,56,10,17.86,0.0052,3.84
